Workbook

Sheet 배송정보
A1: 수취인번호 | B1: 받는사람 이름 | C1: 연락처 | D1: 우편번호 | E1: 주소 | F1: 개인통관고유부호(PCCC) | G1: 배송메시지 | H1: 상품명 | I1: 색상 | J1: 사이즈 | K1: 수량 | L1: SKU | M1: 판매 플랫폼 | N1: 판매업체 상호 | O1: 제품 URL | P1: 주문번호 | Q1: 주문 완료 일시 | R1: 상품별 주문번호 | S1: 일회용 인증번호 | T1: 무게(kg)
A2: 1 | B2: 홍길동 | C2: 010-1234-5678 | D2: 06236 | E2: 서울특별시 강남구 테헤란로 123 | F2: P123456789012 | G2: 부재시 문앞에 놔주세요 | H2: [AS UGG] Adrian (AS2102) | I2: Black | J2: 35 | K2: 2 | L2: AS-AS2102-BLACK-35 | M2: 스마트스토어 | N2: 호주나라몰 | O2: https://smartstore.naver.com/example/products/1234567890 | P2: 2026093012345678 | Q2: 2026-09-30 14:25 | R2: 2026093087654321 | T2: =IF(H2="","",IFERROR(IF(K2="",1,K2)*IFERROR(INDEX('AS UGG'!$H:$H,MATCH(TRIM(L2),'AS UGG'!$G:$G,0)),IFERROR(INDEX(Ozlana!$H:$H,MATCH(TRIM(L2),Ozlana!$G:$G,0)),IFERROR(INDEX(OZWEAR!$H:$H,MATCH(TRIM(L2),OZWEAR!$G:$G,0)),IFERROR(INDEX('AS UGG'!$H:$H,MATCH(UPPER(TRIM(H2))&"|"&UPPER(TRIM(I2))&"|"&UPPER(TRIM(J2)),'AS UGG'!$Z:$Z,0)),IFERROR(INDEX(Ozlana!$H:$H,MATCH(UPPER(TRIM(H2))&"|"&UPPER(TRIM(I2))&"|"&UPPER(TRIM(J2)),Ozlana!$Z:$Z,0)),INDEX(OZWEAR!$H:$H,MATCH(UPPER(TRIM(H2))&"|"&UPPER(TRIM(I2))&"|"&UPPER(TRIM(J2)),OZWEAR!$Z:$Z,0))))))),"상품명/색상/사이즈 확인"))
A3: 1 | B3: 홍길동 | C3: 010-1234-5678 | D3: 06236 | E3: 서울특별시 강남구 테헤란로 123 | F3: P123456789012 | G3: 부재시 문앞에 놔주세요 | H3: Ozlana OZ8001 Logo Fur-Trimmed Reversible Shearling Jacket | I3: CAMEL | J3: S | K3: 1 | L3: OZ8001-CAMEL-S | M3: 스마트스토어 | N3: 호주나라몰 | O3: https://smartstore.naver.com/example/products/9876543210 | P3: 2026093012345678 | Q3: 2026-09-30 14:25 | R3: 2026093087654322 | T3: =IF(H3="","",IFERROR(IF(K3="",1,K3)*IFERROR(INDEX('AS UGG'!$H:$H,MATCH(TRIM(L3),'AS UGG'!$G:$G,0)),IFERROR(INDEX(Ozlana!$H:$H,MATCH(TRIM(L3),Ozlana!$G:$G,0)),IFERROR(INDEX(OZWEAR!$H:$H,MATCH(TRIM(L3),OZWEAR!$G:$G,0)),IFERROR(INDEX('AS UGG'!$H:$H,MATCH(UPPER(TRIM(H3))&"|"&UPPER(TRIM(I3))&"|"&UPPER(TRIM(J3)),'AS UGG'!$Z:$Z,0)),IFERROR(INDEX(Ozlana!$H:$H,MATCH(UPPER(TRIM(H3))&"|"&UPPER(TRIM(I3))&"|"&UPPER(TRIM(J3)),Ozlana!$Z:$Z,0)),INDEX(OZWEAR!$H:$H,MATCH(UPPER(TRIM(H3))&"|"&UPPER(TRIM(I3))&"|"&UPPER(TRIM(J3)),OZWEAR!$Z:$Z,0))))))),"상품명/색상/사이즈 확인"))
A4: ※ 위 1~2번 줄은 작성 예시입니다 (홍길동 님이 상품 2개를 받는 경우). 실제 주문은 3번째 줄부터 이어서 입력해주세요. ※ 같은 사람이 여러 상품을 받으면, 받는사람 정보(이름~배송메시지)를 그대로 복사하고 상품명/색상/사이즈/수량/SKU만 바꿔서 줄을 추가해주세요. ※ 상품명·색상·사이즈·가격·SKU는 뒤의 AS UGG / Ozlana / OZWEAR 시트에서 확인 후 그대로 옮겨 적어주세요. ※ [통관 필수] 판매 플랫폼·판매업체 상호·제품 URL·주문번호·주문 완료 일시·상품별 주문번호는 관세청 전자상거래 통관 정보입니다. 빠지면 통관이 되지 않으니 상품 줄마다 꼭 적어주세요. ※ 받는사람 이름·연락처·우편번호는 구매자가 관세청에 등록한 개인통관고유부호 정보와 같아야 합니다. 2026년 8월 28일 이후 통관부호를 새로 발급/변경한 구매자는 일회용 인증번호도 받아 적어주세요. ※ 무게(kg) 칸은 자동 계산되니 입력하지 마세요.
T5: =IF(H5="","",IFERROR(IF(K5="",1,K5)*IFERROR(INDEX('AS UGG'!$H:$H,MATCH(TRIM(L5),'AS UGG'!$G:$G,0)),IFERROR(INDEX(Ozlana!$H:$H,MATCH(TRIM(L5),Ozlana!$G:$G,0)),IFERROR(INDEX(OZWEAR!$H:$H,MATCH(TRIM(L5),OZWEAR!$G:$G,0)),IFERROR(INDEX('AS UGG'!$H:$H,MATCH(UPPER(TRIM(H5))&"|"&UPPER(TRIM(I5))&"|"&UPPER(TRIM(J5)),'AS UGG'!$Z:$Z,0)),IFERROR(INDEX(Ozlana!$H:$H,MATCH(UPPER(TRIM(H5))&"|"&UPPER(TRIM(I5))&"|"&UPPER(TRIM(J5)),Ozlana!$Z:$Z,0)),INDEX(OZWEAR!$H:$H,MATCH(UPPER(TRIM(H5))&"|"&UPPER(TRIM(I5))&"|"&UPPER(TRIM(J5)),OZWEAR!$Z:$Z,0))))))),"상품명/색상/사이즈 확인"))
T6: =IF(H6="","",IFERROR(IF(K6="",1,K6)*IFERROR(INDEX('AS UGG'!$H:$H,MATCH(TRIM(L6),'AS UGG'!$G:$G,0)),IFERROR(INDEX(Ozlana!$H:$H,MATCH(TRIM(L6),Ozlana!$G:$G,0)),IFERROR(INDEX(OZWEAR!$H:$H,MATCH(TRIM(L6),OZWEAR!$G:$G,0)),IFERROR(INDEX('AS UGG'!$H:$H,MATCH(UPPER(TRIM(H6))&"|"&UPPER(TRIM(I6))&"|"&UPPER(TRIM(J6)),'AS UGG'!$Z:$Z,0)),IFERROR(INDEX(Ozlana!$H:$H,MATCH(UPPER(TRIM(H6))&"|"&UPPER(TRIM(I6))&"|"&UPPER(TRIM(J6)),Ozlana!$Z:$Z,0)),INDEX(OZWEAR!$H:$H,MATCH(UPPER(TRIM(H6))&"|"&UPPER(TRIM(I6))&"|"&UPPER(TRIM(J6)),OZWEAR!$Z:$Z,0))))))),"상품명/색상/사이즈 확인"))
T7: =IF(H7="","",IFERROR(IF(K7="",1,K7)*IFERROR(INDEX('AS UGG'!$H:$H,MATCH(TRIM(L7),'AS UGG'!$G:$G,0)),IFERROR(INDEX(Ozlana!$H:$H,MATCH(TRIM(L7),Ozlana!$G:$G,0)),IFERROR(INDEX(OZWEAR!$H:$H,MATCH(TRIM(L7),OZWEAR!$G:$G,0)),IFERROR(INDEX('AS UGG'!$H:$H,MATCH(UPPER(TRIM(H7))&"|"&UPPER(TRIM(I7))&"|"&UPPER(TRIM(J7)),'AS UGG'!$Z:$Z,0)),IFERROR(INDEX(Ozlana!$H:$H,MATCH(UPPER(TRIM(H7))&"|"&UPPER(TRIM(I7))&"|"&UPPER(TRIM(J7)),Ozlana!$Z:$Z,0)),INDEX(OZWEAR!$H:$H,MATCH(UPPER(TRIM(H7))&"|"&UPPER(TRIM(I7))&"|"&UPPER(TRIM(J7)),OZWEAR!$Z:$Z,0))))))),"상품명/색상/사이즈 확인"))
T8: =IF(H8="","",IFERROR(IF(K8="",1,K8)*IFERROR(INDEX('AS UGG'!$H:$H,MATCH(TRIM(L8),'AS UGG'!$G:$G,0)),IFERROR(INDEX(Ozlana!$H:$H,MATCH(TRIM(L8),Ozlana!$G:$G,0)),IFERROR(INDEX(OZWEAR!$H:$H,MATCH(TRIM(L8),OZWEAR!$G:$G,0)),IFERROR(INDEX('AS UGG'!$H:$H,MATCH(UPPER(TRIM(H8))&"|"&UPPER(TRIM(I8))&"|"&UPPER(TRIM(J8)),'AS UGG'!$Z:$Z,0)),IFERROR(INDEX(Ozlana!$H:$H,MATCH(UPPER(TRIM(H8))&"|"&UPPER(TRIM(I8))&"|"&UPPER(TRIM(J8)),Ozlana!$Z:$Z,0)),INDEX(OZWEAR!$H:$H,MATCH(UPPER(TRIM(H8))&"|"&UPPER(TRIM(I8))&"|"&UPPER(TRIM(J8)),OZWEAR!$Z:$Z,0))))))),"상품명/색상/사이즈 확인"))
T9: =IF(H9="","",IFERROR(IF(K9="",1,K9)*IFERROR(INDEX('AS UGG'!$H:$H,MATCH(TRIM(L9),'AS UGG'!$G:$G,0)),IFERROR(INDEX(Ozlana!$H:$H,MATCH(TRIM(L9),Ozlana!$G:$G,0)),IFERROR(INDEX(OZWEAR!$H:$H,MATCH(TRIM(L9),OZWEAR!$G:$G,0)),IFERROR(INDEX('AS UGG'!$H:$H,MATCH(UPPER(TRIM(H9))&"|"&UPPER(TRIM(I9))&"|"&UPPER(TRIM(J9)),'AS UGG'!$Z:$Z,0)),IFERROR(INDEX(Ozlana!$H:$H,MATCH(UPPER(TRIM(H9))&"|"&UPPER(TRIM(I9))&"|"&UPPER(TRIM(J9)),Ozlana!$Z:$Z,0)),INDEX(OZWEAR!$H:$H,MATCH(UPPER(TRIM(H9))&"|"&UPPER(TRIM(I9))&"|"&UPPER(TRIM(J9)),OZWEAR!$Z:$Z,0))))))),"상품명/색상/사이즈 확인"))
T10: =IF(H10="","",IFERROR(IF(K10="",1,K10)*IFERROR(INDEX('AS UGG'!$H:$H,MATCH(TRIM(L10),'AS UGG'!$G:$G,0)),IFERROR(INDEX(Ozlana!$H:$H,MATCH(TRIM(L10),Ozlana!$G:$G,0)),IFERROR(INDEX(OZWEAR!$H:$H,MATCH(TRIM(L10),OZWEAR!$G:$G,0)),IFERROR(INDEX('AS UGG'!$H:$H,MATCH(UPPER(TRIM(H10))&"|"&UPPER(TRIM(I10))&"|"&UPPER(TRIM(J10)),'AS UGG'!$Z:$Z,0)),IFERROR(INDEX(Ozlana!$H:$H,MATCH(UPPER(TRIM(H10))&"|"&UPPER(TRIM(I10))&"|"&UPPER(TRIM(J10)),Ozlana!$Z:$Z,0)),INDEX(OZWEAR!$H:$H,MATCH(UPPER(TRIM(H10))&"|"&UPPER(TRIM(I10))&"|"&UPPER(TRIM(J10)),OZWEAR!$Z:$Z,0))))))),"상품명/색상/사이즈 확인"))
T11: =IF(H11="","",IFERROR(IF(K11="",1,K11)*IFERROR(INDEX('AS UGG'!$H:$H,MATCH(TRIM(L11),'AS UGG'!$G:$G,0)),IFERROR(INDEX(Ozlana!$H:$H,MATCH(TRIM(L11),Ozlana!$G:$G,0)),IFERROR(INDEX(OZWEAR!$H:$H,MATCH(TRIM(L11),OZWEAR!$G:$G,0)),IFERROR(INDEX('AS UGG'!$H:$H,MATCH(UPPER(TRIM(H11))&"|"&UPPER(TRIM(I11))&"|"&UPPER(TRIM(J11)),'AS UGG'!$Z:$Z,0)),IFERROR(INDEX(Ozlana!$H:$H,MATCH(UPPER(TRIM(H11))&"|"&UPPER(TRIM(I11))&"|"&UPPER(TRIM(J11)),Ozlana!$Z:$Z,0)),INDEX(OZWEAR!$H:$H,MATCH(UPPER(TRIM(H11))&"|"&UPPER(TRIM(I11))&"|"&UPPER(TRIM(J11)),OZWEAR!$Z:$Z,0))))))),"상품명/색상/사이즈 확인"))
T12: =IF(H12="","",IFERROR(IF(K12="",1,K12)*IFERROR(INDEX('AS UGG'!$H:$H,MATCH(TRIM(L12),'AS UGG'!$G:$G,0)),IFERROR(INDEX(Ozlana!$H:$H,MATCH(TRIM(L12),Ozlana!$G:$G,0)),IFERROR(INDEX(OZWEAR!$H:$H,MATCH(TRIM(L12),OZWEAR!$G:$G,0)),IFERROR(INDEX('AS UGG'!$H:$H,MATCH(UPPER(TRIM(H12))&"|"&UPPER(TRIM(I12))&"|"&UPPER(TRIM(J12)),'AS UGG'!$Z:$Z,0)),IFERROR(INDEX(Ozlana!$H:$H,MATCH(UPPER(TRIM(H12))&"|"&UPPER(TRIM(I12))&"|"&UPPER(TRIM(J12)),Ozlana!$Z:$Z,0)),INDEX(OZWEAR!$H:$H,MATCH(UPPER(TRIM(H12))&"|"&UPPER(TRIM(I12))&"|"&UPPER(TRIM(J12)),OZWEAR!$Z:$Z,0))))))),"상품명/색상/사이즈 확인"))
T13: =IF(H13="","",IFERROR(IF(K13="",1,K13)*IFERROR(INDEX('AS UGG'!$H:$H,MATCH(TRIM(L13),'AS UGG'!$G:$G,0)),IFERROR(INDEX(Ozlana!$H:$H,MATCH(TRIM(L13),Ozlana!$G:$G,0)),IFERROR(INDEX(OZWEAR!$H:$H,MATCH(TRIM(L13),OZWEAR!$G:$G,0)),IFERROR(INDEX('AS UGG'!$H:$H,MATCH(UPPER(TRIM(H13))&"|"&UPPER(TRIM(I13))&"|"&UPPER(TRIM(J13)),'AS UGG'!$Z:$Z,0)),IFERROR(INDEX(Ozlana!$H:$H,MATCH(UPPER(TRIM(H13))&"|"&UPPER(TRIM(I13))&"|"&UPPER(TRIM(J13)),Ozlana!$Z:$Z,0)),INDEX(OZWEAR!$H:$H,MATCH(UPPER(TRIM(H13))&"|"&UPPER(TRIM(I13))&"|"&UPPER(TRIM(J13)),OZWEAR!$Z:$Z,0))))))),"상품명/색상/사이즈 확인"))
T14: =IF(H14="","",IFERROR(IF(K14="",1,K14)*IFERROR(INDEX('AS UGG'!$H:$H,MATCH(TRIM(L14),'AS UGG'!$G:$G,0)),IFERROR(INDEX(Ozlana!$H:$H,MATCH(TRIM(L14),Ozlana!$G:$G,0)),IFERROR(INDEX(OZWEAR!$H:$H,MATCH(TRIM(L14),OZWEAR!$G:$G,0)),IFERROR(INDEX('AS UGG'!$H:$H,MATCH(UPPER(TRIM(H14))&"|"&UPPER(TRIM(I14))&"|"&UPPER(TRIM(J14)),'AS UGG'!$Z:$Z,0)),IFERROR(INDEX(Ozlana!$H:$H,MATCH(UPPER(TRIM(H14))&"|"&UPPER(TRIM(I14))&"|"&UPPER(TRIM(J14)),Ozlana!$Z:$Z,0)),INDEX(OZWEAR!$H:$H,MATCH(UPPER(TRIM(H14))&"|"&UPPER(TRIM(I14))&"|"&UPPER(TRIM(J14)),OZWEAR!$Z:$Z,0))))))),"상품명/색상/사이즈 확인"))
T15: =IF(H15="","",IFERROR(IF(K15="",1,K15)*IFERROR(INDEX('AS UGG'!$H:$H,MATCH(TRIM(L15),'AS UGG'!$G:$G,0)),IFERROR(INDEX(Ozlana!$H:$H,MATCH(TRIM(L15),Ozlana!$G:$G,0)),IFERROR(INDEX(OZWEAR!$H:$H,MATCH(TRIM(L15),OZWEAR!$G:$G,0)),IFERROR(INDEX('AS UGG'!$H:$H,MATCH(UPPER(TRIM(H15))&"|"&UPPER(TRIM(I15))&"|"&UPPER(TRIM(J15)),'AS UGG'!$Z:$Z,0)),IFERROR(INDEX(Ozlana!$H:$H,MATCH(UPPER(TRIM(H15))&"|"&UPPER(TRIM(I15))&"|"&UPPER(TRIM(J15)),Ozlana!$Z:$Z,0)),INDEX(OZWEAR!$H:$H,MATCH(UPPER(TRIM(H15))&"|"&UPPER(TRIM(I15))&"|"&UPPER(TRIM(J15)),OZWEAR!$Z:$Z,0))))))),"상품명/색상/사이즈 확인"))
T16: =IF(H16="","",IFERROR(IF(K16="",1,K16)*IFERROR(INDEX('AS UGG'!$H:$H,MATCH(TRIM(L16),'AS UGG'!$G:$G,0)),IFERROR(INDEX(Ozlana!$H:$H,MATCH(TRIM(L16),Ozlana!$G:$G,0)),IFERROR(INDEX(OZWEAR!$H:$H,MATCH(TRIM(L16),OZWEAR!$G:$G,0)),IFERROR(INDEX('AS UGG'!$H:$H,MATCH(UPPER(TRIM(H16))&"|"&UPPER(TRIM(I16))&"|"&UPPER(TRIM(J16)),'AS UGG'!$Z:$Z,0)),IFERROR(INDEX(Ozlana!$H:$H,MATCH(UPPER(TRIM(H16))&"|"&UPPER(TRIM(I16))&"|"&UPPER(TRIM(J16)),Ozlana!$Z:$Z,0)),INDEX(OZWEAR!$H:$H,MATCH(UPPER(TRIM(H16))&"|"&UPPER(TRIM(I16))&"|"&UPPER(TRIM(J16)),OZWEAR!$Z:$Z,0))))))),"상품명/색상/사이즈 확인"))
... T1000: =IF(H1000="","",IFERROR(IF(K1000="",1,K1000)*IFERROR(INDEX('AS UGG'!$H:$H,MATCH(TRIM(L1000),'AS UGG'!$G:$G,0)),IFERROR(INDEX(Ozlana!$H:$H,MATCH(TRIM(L1000),Ozlana!$G:$G,0)),IFERROR(INDEX(OZWEAR!$H:$H,MATCH(TRIM(L1000),OZWEAR!$G:$G,0)),IFERROR(INDEX('AS UGG'!$H:$H,MATCH(UPPER(TRIM(H1000))&"|"&UPPER(TRIM(I1000))&"|"&UPPER(TRIM(J1000)),'AS UGG'!$Z:$Z,0)),IFERROR(INDEX(Ozlana!$H:$H,MATCH(UPPER(TRIM(H1000))&"|"&UPPER(TRIM(I1000))&"|"&UPPER(TRIM(J1000)),Ozlana!$Z:$Z,0)),INDEX(OZWEAR!$H:$H,MATCH(UPPER(TRIM(H1000))&"|"&UPPER(TRIM(I1000))&"|"&UPPER(TRIM(J1000)),OZWEAR!$Z:$Z,0))))))),"상품명/색상/사이즈 확인"))

Sheet AS UGG
A1: 브랜드 | B1: 상품명 | C1: 색상 | D1: 사이즈 | E1: 가격(AUD) | F1: 재고 | G1: SKU | H1: 무게(kg) | Z1: 조회키
A2: AS UGG | B2: [AS UGG] Adrian (AS2102) | C2: Black | D2: 35 | E2: 52.8 | F2: 6 | G2: AS-AS2102-BLACK-35 | H2: 2 | Z2: =UPPER(TRIM(B2))&"|"&UPPER(TRIM(C2))&"|"&UPPER(TRIM(D2))
A3: AS UGG | B3: [AS UGG] Adrian (AS2102) | C3: Black | D3: 36 | E3: 52.8 | F3: 6 | G3: AS-AS2102-BLACK-36 | H3: 2 | Z3: =UPPER(TRIM(B3))&"|"&UPPER(TRIM(C3))&"|"&UPPER(TRIM(D3))
A4: AS UGG | B4: [AS UGG] Adrian (AS2102) | C4: Black | D4: 37 | E4: 52.8 | F4: 8 | G4: AS-AS2102-BLACK-37 | H4: 2 | Z4: =UPPER(TRIM(B4))&"|"&UPPER(TRIM(C4))&"|"&UPPER(TRIM(D4))
A5: AS UGG | B5: [AS UGG] Adrian (AS2102) | C5: Black | D5: 38 | E5: 52.8 | F5: 0 | G5: AS-AS2102-BLACK-38 | H5: 2 | Z5: =UPPER(TRIM(B5))&"|"&UPPER(TRIM(C5))&"|"&UPPER(TRIM(D5))
A6: AS UGG | B6: [AS UGG] Adrian (AS2102) | C6: Black | D6: 39 | E6: 52.8 | F6: 4 | G6: AS-AS2102-BLACK-39 | H6: 2 | Z6: =UPPER(TRIM(B6))&"|"&UPPER(TRIM(C6))&"|"&UPPER(TRIM(D6))
A7: AS UGG | B7: [AS UGG] Adrian (AS2102) | C7: Black | D7: 40 | E7: 52.8 | F7: 6 | G7: AS-AS2102-BLACK-40 | H7: 2 | Z7: =UPPER(TRIM(B7))&"|"&UPPER(TRIM(C7))&"|"&UPPER(TRIM(D7))
A8: AS UGG | B8: [AS UGG] Adrian (AS2102) | C8: Black | D8: 41 | E8: 52.8 | F8: 3 | G8: AS-AS2102-BLACK-41 | H8: 2 | Z8: =UPPER(TRIM(B8))&"|"&UPPER(TRIM(C8))&"|"&UPPER(TRIM(D8))
A9: AS UGG | B9: [AS UGG] Adrian (AS2102) | C9: Walnut | D9: 35 | E9: 52.8 | F9: 20 | G9: AS-AS2102-WALNUT-35 | H9: 2 | Z9: =UPPER(TRIM(B9))&"|"&UPPER(TRIM(C9))&"|"&UPPER(TRIM(D9))
A10: AS UGG | B10: [AS UGG] Adrian (AS2102) | C10: Walnut | D10: 36 | E10: 52.8 | F10: 21 | G10: AS-AS2102-WALNUT-36 | H10: 2 | Z10: =UPPER(TRIM(B10))&"|"&UPPER(TRIM(C10))&"|"&UPPER(TRIM(D10))
A11: AS UGG | B11: [AS UGG] Adrian (AS2102) | C11: Walnut | D11: 37 | E11: 52.8 | F11: 104 | G11: AS-AS2102-WALNUT-37 | H11: 2 | Z11: =UPPER(TRIM(B11))&"|"&UPPER(TRIM(C11))&"|"&UPPER(TRIM(D11))
A12: AS UGG | B12: [AS UGG] Adrian (AS2102) | C12: Walnut | D12: 38 | E12: 52.8 | F12: 88 | G12: AS-AS2102-WALNUT-38 | H12: 2 | Z12: =UPPER(TRIM(B12))&"|"&UPPER(TRIM(C12))&"|"&UPPER(TRIM(D12))
A13: AS UGG | B13: [AS UGG] Adrian (AS2102) | C13: Walnut | D13: 39 | E13: 52.8 | F13: 79 | G13: AS-AS2102-WALNUT-39 | H13: 2 | Z13: =UPPER(TRIM(B13))&"|"&UPPER(TRIM(C13))&"|"&UPPER(TRIM(D13))
... A60: AS UGG | B60: [AS UGG] Alden (AS2145) | C60: Chestnut | D60: 46 | E60: 54.45 | F60: 0 | G60: AS-AS2145-CHESTNUT-46 | H60: 2 | Z60: =UPPER(TRIM(B60))&"|"&UPPER(TRIM(C60))&"|"&UPPER(TRIM(D60))
A61: AS UGG | B61: [AS UGG] Alpaca Keyrings (ASZ012) | C61: PINK | E61: 6.6 | F61: 43 | G61: AS-ASZ012-PINK | H61: 1 | Z61: =UPPER(TRIM(B61))&"|"&UPPER(TRIM(C61))&"|"&UPPER(TRIM(D61))
A62: AS UGG | B62: [AS UGG] Alpaca Keyrings (ASZ012) | C62: YELLOW | E62: 6.6 | F62: 58 | G62: AS-ASZ012-YELLOW | H62: 1 | Z62: =UPPER(TRIM(B62))&"|"&UPPER(TRIM(C62))&"|"&UPPER(TRIM(D62))
A63: AS UGG | B63: [AS UGG] Alpaca Keyrings (ASZ012) | C63: GREY | E63: 6.6 | F63: 57 | G63: AS-ASZ012-GREY | H63: 1 | Z63: =UPPER(TRIM(B63))&"|"&UPPER(TRIM(C63))&"|"&UPPER(TRIM(D63))
A64: AS UGG | B64: [AS UGG] Ambrelle Bag (ASA054) | C64: Chestnut | E64: 77 | F64: 58 | G64: AS-ASA054-CHESTNUT | H64: 1 | Z64: =UPPER(TRIM(B64))&"|"&UPPER(TRIM(C64))&"|"&UPPER(TRIM(D64))
A65: AS UGG | B65: [AS UGG] Ardell (AS3138) | C65: Pebble Grey | D65: 35 | E65: 71.5 | F65: 5 | G65: AS-AS3138-PEBBLE-GREY-35 | H65: 3 | Z65: =UPPER(TRIM(B65))&"|"&UPPER(TRIM(C65))&"|"&UPPER(TRIM(D65))
A66: AS UGG | B66: [AS UGG] Ardell (AS3138) | C66: Pebble Grey | D66: 36 | E66: 71.5 | F66: 4 | G66: AS-AS3138-PEBBLE-GREY-36 | H66: 3 | Z66: =UPPER(TRIM(B66))&"|"&UPPER(TRIM(C66))&"|"&UPPER(TRIM(D66))
A67: AS UGG | B67: [AS UGG] Ardell (AS3138) | C67: Pebble Grey | D67: 37 | E67: 71.5 | F67: 7 | G67: AS-AS3138-PEBBLE-GREY-37 | H67: 3 | Z67: =UPPER(TRIM(B67))&"|"&UPPER(TRIM(C67))&"|"&UPPER(TRIM(D67))
A68: AS UGG | B68: [AS UGG] Ardell (AS3138) | C68: Pebble Grey | D68: 38 | E68: 71.5 | F68: 11 | G68: AS-AS3138-PEBBLE-GREY-38 | H68: 3 | Z68: =UPPER(TRIM(B68))&"|"&UPPER(TRIM(C68))&"|"&UPPER(TRIM(D68))
A69: AS UGG | B69: [AS UGG] Ardell (AS3138) | C69: Pebble Grey | D69: 39 | E69: 71.5 | F69: 5 | G69: AS-AS3138-PEBBLE-GREY-39 | H69: 3 | Z69: =UPPER(TRIM(B69))&"|"&UPPER(TRIM(C69))&"|"&UPPER(TRIM(D69))
A70: AS UGG | B70: [AS UGG] Ardell (AS3138) | C70: Pebble Grey | D70: 40 | E70: 71.5 | F70: 2 | G70: AS-AS3138-PEBBLE-GREY-40 | H70: 3 | Z70: =UPPER(TRIM(B70))&"|"&UPPER(TRIM(C70))&"|"&UPPER(TRIM(D70))
A71: AS UGG | B71: [AS UGG] Ardell (AS3138) | C71: Pebble Grey | D71: 41 | E71: 71.5 | F71: 2 | G71: AS-AS3138-PEBBLE-GREY-41 | H71: 3 | Z71: =UPPER(TRIM(B71))&"|"&UPPER(TRIM(C71))&"|"&UPPER(TRIM(D71))
A72: AS UGG | B72: [AS UGG] Ardell (AS3138) | C72: Chestnut | D72: 35 | E72: 71.5 | F72: 2 | G72: AS-AS3138-CHESTNUT-35 | H72: 3 | Z72: =UPPER(TRIM(B72))&"|"&UPPER(TRIM(C72))&"|"&UPPER(TRIM(D72))
A73: AS UGG | B73: [AS UGG] Ardell (AS3138) | C73: Chestnut | D73: 36 | E73: 71.5 | F73: 3 | G73: AS-AS3138-CHESTNUT-36 | H73: 3 | Z73: =UPPER(TRIM(B73))&"|"&UPPER(TRIM(C73))&"|"&UPPER(TRIM(D73))
A74: AS UGG | B74: [AS UGG] Ardell (AS3138) | C74: Chestnut | D74: 37 | E74: 71.5 | F74: 8 | G74: AS-AS3138-CHESTNUT-37 | H74: 3 | Z74: =UPPER(TRIM(B74))&"|"&UPPER(TRIM(C74))&"|"&UPPER(TRIM(D74))
A75: AS UGG | B75: [AS UGG] Ardell (AS3138) | C75: Chestnut | D75: 38 | E75: 71.5 | F75: 27 | G75: AS-AS3138-CHESTNUT-38 | H75: 3 | Z75: =UPPER(TRIM(B75))&"|"&UPPER(TRIM(C75))&"|"&UPPER(TRIM(D75))
A76: AS UGG | B76: [AS UGG] Ardell (AS3138) | C76: Chestnut | D76: 39 | E76: 71.5 | F76: 26 | G76: AS-AS3138-CHESTNUT-39 | H76: 3 | Z76: =UPPER(TRIM(B76))&"|"&UPPER(TRIM(C76))&"|"&UPPER(TRIM(D76))
... A98: AS UGG | B98: [AS UGG] Arlen (AS3176) | C98: Chestnut | D98: 40 | E98: 54.45 | F98: 0 | G98: AS-AS3176-CHESTNUT-40 | H98: 3 | Z98: =UPPER(TRIM(B98))&"|"&UPPER(TRIM(C98))&"|"&UPPER(TRIM(D98))
A99: AS UGG | B99: [AS UGG] Arven Scarf (AS8011) | C99: Beige | E99: 47.3 | F99: 430 | G99: AS-AS8011-BEIGE | H99: 1 | Z99: =UPPER(TRIM(B99))&"|"&UPPER(TRIM(C99))&"|"&UPPER(TRIM(D99))
A100: AS UGG | B100: [AS UGG] Arven Scarf (AS8011) | C100: Ivory | E100: 47.3 | F100: 510 | G100: AS-AS8011-IVORY | H100: 1 | Z100: =UPPER(TRIM(B100))&"|"&UPPER(TRIM(C100))&"|"&UPPER(TRIM(D100))
A101: AS UGG | B101: [AS UGG] Arven Scarf (AS8011) | C101: Dark Grey | E101: 47.3 | F101: 506 | G101: AS-AS8011-DARK-GREY | H101: 1 | Z101: =UPPER(TRIM(B101))&"|"&UPPER(TRIM(C101))&"|"&UPPER(TRIM(D101))
A102: AS UGG | B102: [AS UGG] Arven Scarf (AS8011) | C102: Brown | E102: 47.3 | F102: 554 | G102: AS-AS8011-BROWN | H102: 1 | Z102: =UPPER(TRIM(B102))&"|"&UPPER(TRIM(C102))&"|"&UPPER(TRIM(D102))
A103: AS UGG | B103: [AS UGG] Arya (AS3076) | C103: Nappa Black | D103: 35 | E103: 64.9 | F103: 4 | G103: AS-AS3076-NAPPA-BLACK-35 | H103: 3 | Z103: =UPPER(TRIM(B103))&"|"&UPPER(TRIM(C103))&"|"&UPPER(TRIM(D103))
A104: AS UGG | B104: [AS UGG] Arya (AS3076) | C104: Nappa Black | D104: 36 | E104: 64.9 | F104: 1 | G104: AS-AS3076-NAPPA-BLACK-36 | H104: 3 | Z104: =UPPER(TRIM(B104))&"|"&UPPER(TRIM(C104))&"|"&UPPER(TRIM(D104))
A105: AS UGG | B105: [AS UGG] Arya (AS3076) | C105: Nappa Black | D105: 37 | E105: 64.9 | F105: 2 | G105: AS-AS3076-NAPPA-BLACK-37 | H105: 3 | Z105: =UPPER(TRIM(B105))&"|"&UPPER(TRIM(C105))&"|"&UPPER(TRIM(D105))
A106: AS UGG | B106: [AS UGG] Arya (AS3076) | C106: Nappa Black | D106: 38 | E106: 64.9 | F106: 89 | G106: AS-AS3076-NAPPA-BLACK-38 | H106: 3 | Z106: =UPPER(TRIM(B106))&"|"&UPPER(TRIM(C106))&"|"&UPPER(TRIM(D106))
A107: AS UGG | B107: [AS UGG] Arya (AS3076) | C107: Nappa Black | D107: 39 | E107: 64.9 | F107: 82 | G107: AS-AS3076-NAPPA-BLACK-39 | H107: 3 | Z107: =UPPER(TRIM(B107))&"|"&UPPER(TRIM(C107))&"|"&UPPER(TRIM(D107))
A108: AS UGG | B108: [AS UGG] Arya (AS3076) | C108: Nappa Black | D108: 40 | E108: 64.9 | F108: 52 | G108: AS-AS3076-NAPPA-BLACK-40 | H108: 3 | Z108: =UPPER(TRIM(B108))&"|"&UPPER(TRIM(C108))&"|"&UPPER(TRIM(D108))
A109: AS UGG | B109: [AS UGG] Arya (AS3076) | C109: Nappa Black | D109: 41 | E109: 64.9 | F109: 4 | G109: AS-AS3076-NAPPA-BLACK-41 | H109: 3 | Z109: =UPPER(TRIM(B109))&"|"&UPPER(TRIM(C109))&"|"&UPPER(TRIM(D109))
A110: AS UGG | B110: [AS UGG] Arya (AS3076) | C110: Chestnut | D110: 35 | E110: 64.9 | F110: 2 | G110: AS-AS3076-CHESTNUT-35 | H110: 3 | Z110: =UPPER(TRIM(B110))&"|"&UPPER(TRIM(C110))&"|"&UPPER(TRIM(D110))
A111: AS UGG | B111: [AS UGG] Arya (AS3076) | C111: Chestnut | D111: 36 | E111: 64.9 | F111: 0 | G111: AS-AS3076-CHESTNUT-36 | H111: 3 | Z111: =UPPER(TRIM(B111))&"|"&UPPER(TRIM(C111))&"|"&UPPER(TRIM(D111))
A112: AS UGG | B112: [AS UGG] Arya (AS3076) | C112: Chestnut | D112: 37 | E112: 64.9 | F112: 0 | G112: AS-AS3076-CHESTNUT-37 | H112: 3 | Z112: =UPPER(TRIM(B112))&"|"&UPPER(TRIM(C112))&"|"&UPPER(TRIM(D112))
A113: AS UGG | B113: [AS UGG] Arya (AS3076) | C113: Chestnut | D113: 38 | E113: 64.9 | F113: 152 | G113: AS-AS3076-CHESTNUT-38 | H113: 3 | Z113: =UPPER(TRIM(B113))&"|"&UPPER(TRIM(C113))&"|"&UPPER(TRIM(D113))
A114: AS UGG | B114: [AS UGG] Arya (AS3076) | C114: Chestnut | D114: 39 | E114: 64.9 | F114: 194 | G114: AS-AS3076-CHESTNUT-39 | H114: 3 | Z114: =UPPER(TRIM(B114))&"|"&UPPER(TRIM(C114))&"|"&UPPER(TRIM(D114))
... A371: AS UGG | B371: [AS UGG] Barrett (AS2080) | C371: Black | D371: 41 | E371: 39.6 | F371: 0 | G371: AS-AS2080-BLACK-41 | H371: 2 | Z371: =UPPER(TRIM(B371))&"|"&UPPER(TRIM(C371))&"|"&UPPER(TRIM(D371))
A372: AS UGG | B372: [AS UGG] Bearly keyring (ASZ050) | C372: Cream | E372: 14.3 | F372: 799 | G372: AS-ASZ050-CREAM | H372: 1 | Z372: =UPPER(TRIM(B372))&"|"&UPPER(TRIM(C372))&"|"&UPPER(TRIM(D372))
A373: AS UGG | B373: [AS UGG] Beatia (AS7023) | C373: Beige | D373: 35 | E373: 41.8 | F373: 0 | G373: AS-AS7023-BEIGE-35 | H373: 2 | Z373: =UPPER(TRIM(B373))&"|"&UPPER(TRIM(C373))&"|"&UPPER(TRIM(D373))
A374: AS UGG | B374: [AS UGG] Beatia (AS7023) | C374: Beige | D374: 36 | E374: 41.8 | F374: 0 | G374: AS-AS7023-BEIGE-36 | H374: 2 | Z374: =UPPER(TRIM(B374))&"|"&UPPER(TRIM(C374))&"|"&UPPER(TRIM(D374))
A375: AS UGG | B375: [AS UGG] Beatia (AS7023) | C375: Beige | D375: 37 | E375: 41.8 | F375: 13 | G375: AS-AS7023-BEIGE-37 | H375: 2 | Z375: =UPPER(TRIM(B375))&"|"&UPPER(TRIM(C375))&"|"&UPPER(TRIM(D375))
A376: AS UGG | B376: [AS UGG] Beatia (AS7023) | C376: Beige | D376: 38 | E376: 41.8 | F376: 111 | G376: AS-AS7023-BEIGE-38 | H376: 2 | Z376: =UPPER(TRIM(B376))&"|"&UPPER(TRIM(C376))&"|"&UPPER(TRIM(D376))
A377: AS UGG | B377: [AS UGG] Beatia (AS7023) | C377: Beige | D377: 39 | E377: 41.8 | F377: 198 | G377: AS-AS7023-BEIGE-39 | H377: 2 | Z377: =UPPER(TRIM(B377))&"|"&UPPER(TRIM(C377))&"|"&UPPER(TRIM(D377))
A378: AS UGG | B378: [AS UGG] Beatia (AS7023) | C378: Beige | D378: 40 | E378: 41.8 | F378: 283 | G378: AS-AS7023-BEIGE-40 | H378: 2 | Z378: =UPPER(TRIM(B378))&"|"&UPPER(TRIM(C378))&"|"&UPPER(TRIM(D378))
A379: AS UGG | B379: [AS UGG] Beatia (AS7023) | C379: Beige | D379: 41 | E379: 41.8 | F379: 133 | G379: AS-AS7023-BEIGE-41 | H379: 2 | Z379: =UPPER(TRIM(B379))&"|"&UPPER(TRIM(C379))&"|"&UPPER(TRIM(D379))
A380: AS UGG | B380: [AS UGG] Beatia (AS7023) | C380: Ivory | D380: 35 | E380: 41.8 | F380: 1 | G380: AS-AS7023-IVORY-35 | H380: 2 | Z380: =UPPER(TRIM(B380))&"|"&UPPER(TRIM(C380))&"|"&UPPER(TRIM(D380))
A381: AS UGG | B381: [AS UGG] Beatia (AS7023) | C381: Ivory | D381: 36 | E381: 41.8 | F381: 21 | G381: AS-AS7023-IVORY-36 | H381: 2 | Z381: =UPPER(TRIM(B381))&"|"&UPPER(TRIM(C381))&"|"&UPPER(TRIM(D381))
A382: AS UGG | B382: [AS UGG] Beatia (AS7023) | C382: Ivory | D382: 37 | E382: 41.8 | F382: 29 | G382: AS-AS7023-IVORY-37 | H382: 2 | Z382: =UPPER(TRIM(B382))&"|"&UPPER(TRIM(C382))&"|"&UPPER(TRIM(D382))
A383: AS UGG | B383: [AS UGG] Beatia (AS7023) | C383: Ivory | D383: 38 | E383: 41.8 | F383: 112 | G383: AS-AS7023-IVORY-38 | H383: 2 | Z383: =UPPER(TRIM(B383))&"|"&UPPER(TRIM(C383))&"|"&UPPER(TRIM(D383))
A384: AS UGG | B384: [AS UGG] Beatia (AS7023) | C384: Ivory | D384: 39 | E384: 41.8 | F384: 137 | G384: AS-AS7023-IVORY-39 | H384: 2 | Z384: =UPPER(TRIM(B384))&"|"&UPPER(TRIM(C384))&"|"&UPPER(TRIM(D384))
... A552: AS UGG | B552: [AS UGG] Borex (AS4012) | C552: Chestnut | D552: 45 | E552: 59.4 | F552: 15 | G552: AS-AS4012-CHESTNUT-45 | H552: 4 | Z552: =UPPER(TRIM(B552))&"|"&UPPER(TRIM(C552))&"|"&UPPER(TRIM(D552))
A553: AS UGG | B553: [AS UGG] Boris Keyring (ASZ024) | C553: Sand | E553: 7.7 | F553: 0 | G553: AS-ASZ024-SAND | H553: 1 | Z553: =UPPER(TRIM(B553))&"|"&UPPER(TRIM(C553))&"|"&UPPER(TRIM(D553))
A554: AS UGG | B554: [AS UGG] Boris Keyring (ASZ024) | C554: Chestnut | E554: 7.7 | F554: 0 | G554: AS-ASZ024-CHESTNUT | H554: 1 | Z554: =UPPER(TRIM(B554))&"|"&UPPER(TRIM(C554))&"|"&UPPER(TRIM(D554))
A555: AS UGG | B555: [AS UGG] Boucle (ASA047) | C555: Cream | E555: 24.2 | F555: 449 | G555: AS-ASA047-CREAM | H555: 1 | Z555: =UPPER(TRIM(B555))&"|"&UPPER(TRIM(C555))&"|"&UPPER(TRIM(D555))
A556: AS UGG | B556: [AS UGG] Boucle (ASA047) | C556: Chocolate | E556: 24.2 | F556: 188 | G556: AS-ASA047-CHOCOLATE | H556: 1 | Z556: =UPPER(TRIM(B556))&"|"&UPPER(TRIM(C556))&"|"&UPPER(TRIM(D556))
A557: AS UGG | B557: [AS UGG] Bram (AS7059) | C557: Taupe | D557: 35 | E557: 46.2 | F557: 1 | G557: AS-AS7059-TAUPE-35 | H557: 2 | Z557: =UPPER(TRIM(B557))&"|"&UPPER(TRIM(C557))&"|"&UPPER(TRIM(D557))
A558: AS UGG | B558: [AS UGG] Bram (AS7059) | C558: Taupe | D558: 36 | E558: 46.2 | F558: 9 | G558: AS-AS7059-TAUPE-36 | H558: 2 | Z558: =UPPER(TRIM(B558))&"|"&UPPER(TRIM(C558))&"|"&UPPER(TRIM(D558))
A559: AS UGG | B559: [AS UGG] Bram (AS7059) | C559: Taupe | D559: 37 | E559: 46.2 | F559: 0 | G559: AS-AS7059-TAUPE-37 | H559: 2 | Z559: =UPPER(TRIM(B559))&"|"&UPPER(TRIM(C559))&"|"&UPPER(TRIM(D559))
A560: AS UGG | B560: [AS UGG] Bram (AS7059) | C560: Taupe | D560: 38 | E560: 46.2 | F560: 0 | G560: AS-AS7059-TAUPE-38 | H560: 2 | Z560: =UPPER(TRIM(B560))&"|"&UPPER(TRIM(C560))&"|"&UPPER(TRIM(D560))
A561: AS UGG | B561: [AS UGG] Bram (AS7059) | C561: Taupe | D561: 39 | E561: 46.2 | F561: 0 | G561: AS-AS7059-TAUPE-39 | H561: 2 | Z561: =UPPER(TRIM(B561))&"|"&UPPER(TRIM(C561))&"|"&UPPER(TRIM(D561))
A562: AS UGG | B562: [AS UGG] Bram (AS7059) | C562: Taupe | D562: 40 | E562: 46.2 | F562: 0 | G562: AS-AS7059-TAUPE-40 | H562: 2 | Z562: =UPPER(TRIM(B562))&"|"&UPPER(TRIM(C562))&"|"&UPPER(TRIM(D562))
A563: AS UGG | B563: [AS UGG] Bram (AS7059) | C563: Taupe | D563: 41 | E563: 46.2 | F563: 0 | G563: AS-AS7059-TAUPE-41 | H563: 2 | Z563: =UPPER(TRIM(B563))&"|"&UPPER(TRIM(C563))&"|"&UPPER(TRIM(D563))
A564: AS UGG | B564: [AS UGG] Bram (AS7059) | C564: Chocolate | D564: 35 | E564: 46.2 | F564: 5 | G564: AS-AS7059-CHOCOLATE-35 | H564: 2 | Z564: =UPPER(TRIM(B564))&"|"&UPPER(TRIM(C564))&"|"&UPPER(TRIM(D564))
A565: AS UGG | B565: [AS UGG] Bram (AS7059) | C565: Chocolate | D565: 36 | E565: 46.2 | F565: 3 | G565: AS-AS7059-CHOCOLATE-36 | H565: 2 | Z565: =UPPER(TRIM(B565))&"|"&UPPER(TRIM(C565))&"|"&UPPER(TRIM(D565))
A566: AS UGG | B566: [AS UGG] Bram (AS7059) | C566: Chocolate | D566: 37 | E566: 46.2 | F566: 6 | G566: AS-AS7059-CHOCOLATE-37 | H566: 2 | Z566: =UPPER(TRIM(B566))&"|"&UPPER(TRIM(C566))&"|"&UPPER(TRIM(D566))
A567: AS UGG | B567: [AS UGG] Bram (AS7059) | C567: Chocolate | D567: 38 | E567: 46.2 | F567: 0 | G567: AS-AS7059-CHOCOLATE-38 | H567: 2 | Z567: =UPPER(TRIM(B567))&"|"&UPPER(TRIM(C567))&"|"&UPPER(TRIM(D567))
A568: AS UGG | B568: [AS UGG] Bram (AS7059) | C568: Chocolate | D568: 39 | E568: 46.2 | F568: 0 | G568: AS-AS7059-CHOCOLATE-39 | H568: 2 | Z568: =UPPER(TRIM(B568))&"|"&UPPER(TRIM(C568))&"|"&UPPER(TRIM(D568))
... A654: AS UGG | B654: [AS UGG] Bravin Men (AS3163M) | C654: Chestnut | D654: 44 | E654: 66 | F654: 36 | G654: AS-AS3163M-CHESTNUT-44 | H654: 3 | Z654: =UPPER(TRIM(B654))&"|"&UPPER(TRIM(C654))&"|"&UPPER(TRIM(D654))
A655: AS UGG | B655: [AS UGG] Braxton Bag (ASA076) | C655: Chestnut | E655: 59.4 | F655: 0 | G655: AS-ASA076-CHESTNUT | H655: 1 | Z655: =UPPER(TRIM(B655))&"|"&UPPER(TRIM(C655))&"|"&UPPER(TRIM(D655))
A656: AS UGG | B656: [AS UGG] BRED SLIPPER (15563) | C656: BLACK | D656: 35 | E656: 33.88 | F656: 0 | G656: AS-15563-BLACK-35 | H656: 2 | Z656: =UPPER(TRIM(B656))&"|"&UPPER(TRIM(C656))&"|"&UPPER(TRIM(D656))
A657: AS UGG | B657: [AS UGG] BRED SLIPPER (15563) | C657: BLACK | D657: 36 | E657: 33.88 | F657: 0 | G657: AS-15563-BLACK-36 | H657: 2 | Z657: =UPPER(TRIM(B657))&"|"&UPPER(TRIM(C657))&"|"&UPPER(TRIM(D657))
A658: AS UGG | B658: [AS UGG] BRED SLIPPER (15563) | C658: BLACK | D658: 37 | E658: 33.88 | F658: 0 | G658: AS-15563-BLACK-37 | H658: 2 | Z658: =UPPER(TRIM(B658))&"|"&UPPER(TRIM(C658))&"|"&UPPER(TRIM(D658))
A659: AS UGG | B659: [AS UGG] BRED SLIPPER (15563) | C659: BLACK | D659: 38 | E659: 33.88 | F659: 0 | G659: AS-15563-BLACK-38 | H659: 2 | Z659: =UPPER(TRIM(B659))&"|"&UPPER(TRIM(C659))&"|"&UPPER(TRIM(D659))
A660: AS UGG | B660: [AS UGG] BRED SLIPPER (15563) | C660: BLACK | D660: 39 | E660: 33 | F660: 36 | G660: AS-15563-BLACK-39 | H660: 2 | Z660: =UPPER(TRIM(B660))&"|"&UPPER(TRIM(C660))&"|"&UPPER(TRIM(D660))
A661: AS UGG | B661: [AS UGG] BRED SLIPPER (15563) | C661: BLACK | D661: 40 | E661: 33 | F661: 0 | G661: AS-15563-BLACK-40 | H661: 2 | Z661: =UPPER(TRIM(B661))&"|"&UPPER(TRIM(C661))&"|"&UPPER(TRIM(D661))
A662: AS UGG | B662: [AS UGG] BRED SLIPPER (15563) | C662: BLACK | D662: 41 | E662: 33 | F662: 0 | G662: AS-15563-BLACK-41 | H662: 2 | Z662: =UPPER(TRIM(B662))&"|"&UPPER(TRIM(C662))&"|"&UPPER(TRIM(D662))
A663: AS UGG | B663: [AS UGG] BRED SLIPPER (15563) | C663: BLACK | D663: 42 | E663: 33 | F663: 0 | G663: AS-15563-BLACK-42 | H663: 2 | Z663: =UPPER(TRIM(B663))&"|"&UPPER(TRIM(C663))&"|"&UPPER(TRIM(D663))
A664: AS UGG | B664: [AS UGG] BRED SLIPPER (15563) | C664: BLACK | D664: 43 | E664: 33 | F664: 0 | G664: AS-15563-BLACK-43 | H664: 2 | Z664: =UPPER(TRIM(B664))&"|"&UPPER(TRIM(C664))&"|"&UPPER(TRIM(D664))
A665: AS UGG | B665: [AS UGG] BRED SLIPPER (15563) | C665: BLACK | D665: 44 | E665: 33 | F665: 0 | G665: AS-15563-BLACK-44 | H665: 2 | Z665: =UPPER(TRIM(B665))&"|"&UPPER(TRIM(C665))&"|"&UPPER(TRIM(D665))
A666: AS UGG | B666: [AS UGG] BRED SLIPPER (15563) | C666: BLACK | D666: 45 | E666: 33 | F666: 0 | G666: AS-15563-BLACK-45 | H666: 2 | Z666: =UPPER(TRIM(B666))&"|"&UPPER(TRIM(C666))&"|"&UPPER(TRIM(D666))
A667: AS UGG | B667: [AS UGG] BRED SLIPPER (15563) | C667: BLACK | D667: 46 | E667: 33 | F667: 0 | G667: AS-15563-BLACK-46 | H667: 2 | Z667: =UPPER(TRIM(B667))&"|"&UPPER(TRIM(C667))&"|"&UPPER(TRIM(D667))
... A772: AS UGG | B772: [AS UGG] Brunor (AS3116) | C772: Chestnut | D772: 41 | E772: 70.4 | F772: 1 | G772: AS-AS3116-CHESTNUT-41 | H772: 3 | Z772: =UPPER(TRIM(B772))&"|"&UPPER(TRIM(C772))&"|"&UPPER(TRIM(D772))
A773: AS UGG | B773: [AS UGG] Bubear Keyring (ASZ039) | C773: Beige | E773: 14.3 | F773: 276 | G773: AS-ASZ039-BEIGE | H773: 1 | Z773: =UPPER(TRIM(B773))&"|"&UPPER(TRIM(C773))&"|"&UPPER(TRIM(D773))
A774: AS UGG | B774: [AS UGG] Bubear Keyring (ASZ039) | C774: Brown | E774: 14.3 | F774: 269 | G774: AS-ASZ039-BROWN | H774: 1 | Z774: =UPPER(TRIM(B774))&"|"&UPPER(TRIM(C774))&"|"&UPPER(TRIM(D774))
A775: AS UGG | B775: [AS UGG] Bumpy (AS3086) | C775: Sand | D775: 35 | E775: 68.2 | F775: 5 | G775: AS-AS3086-SAND-35 | H775: 3 | Z775: =UPPER(TRIM(B775))&"|"&UPPER(TRIM(C775))&"|"&UPPER(TRIM(D775))
A776: AS UGG | B776: [AS UGG] Bumpy (AS3086) | C776: Sand | D776: 36 | E776: 68.2 | F776: 10 | G776: AS-AS3086-SAND-36 | H776: 3 | Z776: =UPPER(TRIM(B776))&"|"&UPPER(TRIM(C776))&"|"&UPPER(TRIM(D776))
A777: AS UGG | B777: [AS UGG] Bumpy (AS3086) | C777: Sand | D777: 37 | E777: 68.2 | F777: 10 | G777: AS-AS3086-SAND-37 | H777: 3 | Z777: =UPPER(TRIM(B777))&"|"&UPPER(TRIM(C777))&"|"&UPPER(TRIM(D777))
A778: AS UGG | B778: [AS UGG] Bumpy (AS3086) | C778: Sand | D778: 38 | E778: 68.2 | F778: 35 | G778: AS-AS3086-SAND-38 | H778: 3 | Z778: =UPPER(TRIM(B778))&"|"&UPPER(TRIM(C778))&"|"&UPPER(TRIM(D778))
A779: AS UGG | B779: [AS UGG] Bumpy (AS3086) | C779: Sand | D779: 39 | E779: 68.2 | F779: 21 | G779: AS-AS3086-SAND-39 | H779: 3 | Z779: =UPPER(TRIM(B779))&"|"&UPPER(TRIM(C779))&"|"&UPPER(TRIM(D779))
...

Sheet Ozlana
A1: 브랜드 | B1: 상품명 | C1: 색상 | D1: 사이즈 | E1: 가격(AUD) | F1: 재고 | G1: SKU | H1: 무게(kg) | I1: OZLANA SIZE CHART (전체 사이즈 범위 - 상품마다 판매 사이즈 범위는 다를 수 있음) | Z1: 조회키
A2: Ozlana | B2: Ozlana OZ8001 Logo Fur-Trimmed Reversible Shearling Jacket | C2: CAMEL | D2: S | E2: 193.6 | F2: 100 | G2: OZ8001-CAMEL-S | H2: 3 | I2: USA | J2: 4 | K2: 5 | L2: 6 | M2: 7 | N2: 8 | O2: 9 | P2: 10 | Q2: 11 | R2: 12 | S2: 13 | Z2: =UPPER(TRIM(B2))&"|"&UPPER(TRIM(C2))&"|"&UPPER(TRIM(D2))
A3: Ozlana | B3: Ozlana OZ8001 Logo Fur-Trimmed Reversible Shearling Jacket | C3: CAMEL | D3: M | E3: 193.6 | F3: 100 | G3: OZ8001-CAMEL-M | H3: 3 | I3: UK | J3: 2 | K3: 3 | L3: 4 | M3: 5 | N3: 6 | O3: 7 | P3: 8 | Q3: 9 | R3: 10 | S3: 11 | Z3: =UPPER(TRIM(B3))&"|"&UPPER(TRIM(C3))&"|"&UPPER(TRIM(D3))
A4: Ozlana | B4: Ozlana OZ8001 Logo Fur-Trimmed Reversible Shearling Jacket | C4: CAMEL | D4: L | E4: 193.6 | F4: 100 | G4: OZ8001-CAMEL-L | H4: 3 | I4: EU | J4: 35 | K4: 36 | L4: 37 | M4: 38 | N4: 39 | O4: 40 | P4: 41 | Q4: 42 | R4: 43 | S4: 44 | Z4: =UPPER(TRIM(B4))&"|"&UPPER(TRIM(C4))&"|"&UPPER(TRIM(D4))
A5: Ozlana | B5: Ozlana OZ8001 Logo Fur-Trimmed Reversible Shearling Jacket | C5: BROWN | D5: S | E5: 193.6 | F5: 100 | G5: OZ8001-BROWN-S | H5: 3 | I5: JAPAN | J5: 225 | K5: 230 | L5: 235 | M5: 240 | N5: 245 | O5: 250 | P5: 255 | Q5: 260 | R5: 265 | S5: 270 | Z5: =UPPER(TRIM(B5))&"|"&UPPER(TRIM(C5))&"|"&UPPER(TRIM(D5))
A6: Ozlana | B6: Ozlana OZ8001 Logo Fur-Trimmed Reversible Shearling Jacket | C6: BROWN | D6: M | E6: 193.6 | F6: 100 | G6: OZ8001-BROWN-M | H6: 3 | Z6: =UPPER(TRIM(B6))&"|"&UPPER(TRIM(C6))&"|"&UPPER(TRIM(D6))
A7: Ozlana | B7: Ozlana OZ8001 Logo Fur-Trimmed Reversible Shearling Jacket | C7: BROWN | D7: L | E7: 193.6 | F7: 100 | G7: OZ8001-BROWN-L | H7: 3 | I7: OZLANA APPAREL SIZE CHART - 실측 사이즈 (단위: cm, 평면 실측 기준 / 1~2cm 오차 가능) | Z7: =UPPER(TRIM(B7))&"|"&UPPER(TRIM(C7))&"|"&UPPER(TRIM(D7))
A8: Ozlana | B8: Ozlana OZ8002 Logo Reversible Shearling Jacket | C8: CHESTNUT | D8: S | E8: 193.6 | F8: 100 | G8: OZ8002-CHESTNUT-S | H8: 3 | I8: STYLE | J8: CHEST | Z8: =UPPER(TRIM(B8))&"|"&UPPER(TRIM(C8))&"|"&UPPER(TRIM(D8))
A9: Ozlana | B9: Ozlana OZ8002 Logo Reversible Shearling Jacket | C9: CHESTNUT | D9: M | E9: 193.6 | F9: 100 | G9: OZ8002-CHESTNUT-M | H9: 3 | K9: M | L9: L | M9: S | N9: M | O9: L | P9: S | Q9: M | R9: L | S9: S | T9: M | U9: L | Z9: =UPPER(TRIM(B9))&"|"&UPPER(TRIM(C9))&"|"&UPPER(TRIM(D9))
A10: Ozlana | B10: Ozlana OZ8002 Logo Reversible Shearling Jacket | C10: CHESTNUT | D10: L | E10: 193.6 | F10: 100 | G10: OZ8002-CHESTNUT-L | H10: 3 | I10: OZ8001 | J10: 126 | K10: 130 | L10: 134 | M10: 56 | N10: 57 | O10: 58 | P10: 54 | Q10: 55 | R10: 56 | S10: 54 | T10: 55 | U10: 56 | Z10: =UPPER(TRIM(B10))&"|"&UPPER(TRIM(C10))&"|"&UPPER(TRIM(D10))
A11: Ozlana | B11: Ozlana OZ8002 Logo Reversible Shearling Jacket | C11: CHOCOLATE | D11: S | E11: 193.6 | F11: 100 | G11: OZ8002-CHOCOLATE-S | H11: 3 | I11: OZ8002 | J11: 110 | K11: 114 | L11: 118 | M11: 59 | N11: 60 | O11: 61 | P11: 53 | Q11: 54 | R11: 55 | S11: 61.5 | T11: 62.5 | U11: 63.5 | Z11: =UPPER(TRIM(B11))&"|"&UPPER(TRIM(C11))&"|"&UPPER(TRIM(D11))
A12: Ozlana | B12: Ozlana OZ8002 Logo Reversible Shearling Jacket | C12: CHOCOLATE | D12: M | E12: 193.6 | F12: 100 | G12: OZ8002-CHOCOLATE-M | H12: 3 | I12: OZ8003 | J12: 112 | K12: 116 | L12: 120 | M12: 52 | N12: 53 | O12: 54 | P12: 53 | Q12: 54 | R12: 55 | S12: 72 | T12: 73 | U12: 74 | Z12: =UPPER(TRIM(B12))&"|"&UPPER(TRIM(C12))&"|"&UPPER(TRIM(D12))
A13: Ozlana | B13: Ozlana OZ8002 Logo Reversible Shearling Jacket | C13: CHOCOLATE | D13: L | E13: 193.6 | F13: 100 | G13: OZ8002-CHOCOLATE-L | H13: 3 | I13: OZ8004 | J13: 94 | K13: 98 | L13: 102 | M13: 35 | N13: 36 | O13: 37 | P13: - | Q13: - | R13: - | S13: 58 | T13: 59 | U13: 60 | Z13: =UPPER(TRIM(B13))&"|"&UPPER(TRIM(C13))&"|"&UPPER(TRIM(D13))
A14: Ozlana | B14: Ozlana OZ8003 Double Logo Reversible Shearling Coat | C14: CHESTNUT | D14: S | E14: 199.65 | F14: 100 | G14: OZ8003-CHESTNUT-S | H14: 3 | I14: OZ8005 | J14: 122 | K14: 126 | L14: 130 | M14: 60 | N14: 61 | O14: 62 | P14: 47 | Q14: 48 | R14: 49 | S14: 60 | T14: 61 | U14: 62 | Z14: =UPPER(TRIM(B14))&"|"&UPPER(TRIM(C14))&"|"&UPPER(TRIM(D14))
A15: Ozlana | B15: Ozlana OZ8003 Double Logo Reversible Shearling Coat | C15: CHESTNUT | D15: M | E15: 199.65 | F15: 100 | G15: OZ8003-CHESTNUT-M | H15: 3 | I15: OZ8006 | J15: 116 | K15: 120 | L15: 124 | M15: 51 | N15: 52 | O15: 53 | P15: 52 | Q15: 53 | R15: 54 | S15: 73 | T15: 74 | U15: 75 | Z15: =UPPER(TRIM(B15))&"|"&UPPER(TRIM(C15))&"|"&UPPER(TRIM(D15))
A16: Ozlana | B16: Ozlana OZ8003 Double Logo Reversible Shearling Coat | C16: CHESTNUT | D16: L | E16: 199.65 | F16: 100 | G16: OZ8003-CHESTNUT-L | H16: 3 | I16: OZ8007 | J16: 122 | K16: 126 | L16: 130 | M16: 53 | N16: 54 | O16: 55 | P16: 53 | Q16: 54 | R16: 55 | S16: 77 | T16: 78 | U16: 79 | Z16: =UPPER(TRIM(B16))&"|"&UPPER(TRIM(C16))&"|"&UPPER(TRIM(D16))
A17: Ozlana | B17: Ozlana OZ8003 Double Logo Reversible Shearling Coat | C17: HAZELNUT | D17: S | E17: 199.65 | F17: 100 | G17: OZ8003-HAZELNUT-S | H17: 3 | I17: OZ8008 | J17: 118 | K17: 122 | L17: 126 | M17: 55 | N17: 56 | O17: 57 | P17: 53 | Q17: 54 | R17: 55 | S17: 51 | T17: 52 | U17: 53 | Z17: =UPPER(TRIM(B17))&"|"&UPPER(TRIM(C17))&"|"&UPPER(TRIM(D17))
A18: Ozlana | B18: Ozlana OZ8003 Double Logo Reversible Shearling Coat | C18: HAZELNUT | D18: M | E18: 199.65 | F18: 100 | G18: OZ8003-HAZELNUT-M | H18: 3 | I18: OZ8009 | J18: 134 | K18: 138 | L18: 142 | M18: 42 | N18: 43 | O18: 44 | P18: 59 | Q18: 60 | R18: 61 | S18: 56 | T18: 57 | U18: 58 | Z18: =UPPER(TRIM(B18))&"|"&UPPER(TRIM(C18))&"|"&UPPER(TRIM(D18))
A19: Ozlana | B19: Ozlana OZ8003 Double Logo Reversible Shearling Coat | C19: HAZELNUT | D19: L | E19: 199.65 | F19: 100 | G19: OZ8003-HAZELNUT-L | H19: 3 | I19: OZ8010 | J19: 106 | K19: 110 | L19: 114 | M19: 51 | N19: 52 | O19: 53 | P19: 57 | Q19: 58 | R19: 59 | S19: 70 | T19: 71 | U19: 72 | Z19: =UPPER(TRIM(B19))&"|"&UPPER(TRIM(C19))&"|"&UPPER(TRIM(D19))
A20: Ozlana | B20: Ozlana OZ8004 Logo Longline Reversible Shearling Vest | C20: CHESTNUT | D20: S | E20: 154.88 | F20: 100 | G20: OZ8004-CHESTNUT-S | H20: 2 | I20: OZ8011 | J20: 128 | K20: 132 | L20: 136 | M20: 51 | N20: 52 | O20: 53 | P20: 49 | Q20: 50 | R20: 51 | S20: 90 | T20: 91 | U20: 92 | Z20: =UPPER(TRIM(B20))&"|"&UPPER(TRIM(C20))&"|"&UPPER(TRIM(D20))
A21: Ozlana | B21: Ozlana OZ8004 Logo Longline Reversible Shearling Vest | C21: CHESTNUT | D21: M | E21: 154.88 | F21: 100 | G21: OZ8004-CHESTNUT-M | H21: 2 | I21: OZ8012 | J21: 136 | K21: 140 | L21: 144 | M21: 56 | N21: 57 | O21: 58 | P21: 52 | Q21: 53 | R21: 54 | S21: 71 | T21: 72 | U21: 73 | Z21: =UPPER(TRIM(B21))&"|"&UPPER(TRIM(C21))&"|"&UPPER(TRIM(D21))
A22: Ozlana | B22: Ozlana OZ8004 Logo Longline Reversible Shearling Vest | C22: CHESTNUT | D22: L | E22: 154.88 | F22: 100 | G22: OZ8004-CHESTNUT-L | H22: 2 | I22: OZ8013 | J22: 110 | K22: 114 | L22: 118 | M22: 55 | N22: 56 | O22: 57 | P22: 54 | Q22: 55 | R22: 56 | S22: 67 | T22: 68 | U22: 69 | Z22: =UPPER(TRIM(B22))&"|"&UPPER(TRIM(C22))&"|"&UPPER(TRIM(D22))
A23: Ozlana | B23: Ozlana OZ8004 Logo Longline Reversible Shearling Vest | C23: BEIGE | D23: S | E23: 154.88 | F23: 100 | G23: OZ8004-BEIGE-S | H23: 2 | I23: OZ8014 | J23: 104 | K23: 108 | L23: 112 | M23: 41 | N23: 42 | O23: 43 | P23: - | Q23: - | R23: - | S23: 58.5 | T23: 60 | U23: 61.5 | Z23: =UPPER(TRIM(B23))&"|"&UPPER(TRIM(C23))&"|"&UPPER(TRIM(D23))
A24: Ozlana | B24: Ozlana OZ8004 Logo Longline Reversible Shearling Vest | C24: BEIGE | D24: M | E24: 154.88 | F24: 100 | G24: OZ8004-BEIGE-M | H24: 2 | Z24: =UPPER(TRIM(B24))&"|"&UPPER(TRIM(C24))&"|"&UPPER(TRIM(D24))
A25: Ozlana | B25: Ozlana OZ8004 Logo Longline Reversible Shearling Vest | C25: BEIGE | D25: L | E25: 154.88 | F25: 100 | G25: OZ8004-BEIGE-L | H25: 2 | I25: 추천 사이즈 (키 / 몸무게 기준) - 자켓 / 코트 | Z25: =UPPER(TRIM(B25))&"|"&UPPER(TRIM(C25))&"|"&UPPER(TRIM(D25))
A26: Ozlana | B26: Ozlana OZ8004 Logo Longline Reversible Shearling Vest | C26: TAUPE | D26: S | E26: 154.88 | F26: 100 | G26: OZ8004-TAUPE-S | H26: 2 | I26: CM \ KG | J26: 40KG | K26: 45KG | L26: 50KG | M26: 55KG | N26: 60KG | O26: 65KG | P26: 70KG | Q26: 75KG | R26: 80KG | S26: 85KG | Z26: =UPPER(TRIM(B26))&"|"&UPPER(TRIM(C26))&"|"&UPPER(TRIM(D26))
A27: Ozlana | B27: Ozlana OZ8004 Logo Longline Reversible Shearling Vest | C27: TAUPE | D27: M | E27: 154.88 | F27: 100 | G27: OZ8004-TAUPE-M | H27: 2 | I27: 155CM | J27: S | K27: S | L27: S | M27: M | N27: M | O27: M | P27: L | Q27: L | R27: L | S27: L | Z27: =UPPER(TRIM(B27))&"|"&UPPER(TRIM(C27))&"|"&UPPER(TRIM(D27))
A28: Ozlana | B28: Ozlana OZ8004 Logo Longline Reversible Shearling Vest | C28: TAUPE | D28: L | E28: 154.88 | F28: 100 | G28: OZ8004-TAUPE-L | H28: 2 | I28: 160CM | J28: S | K28: S | L28: S | M28: M | N28: M | O28: M | P28: L | Q28: L | R28: L | S28: L | Z28: =UPPER(TRIM(B28))&"|"&UPPER(TRIM(C28))&"|"&UPPER(TRIM(D28))
A29: Ozlana | B29: Ozlana OZ8005 Double Logo Short Reversible Shearling Jacket | C29: CHESTNUT | D29: S | E29: 193.6 | F29: 100 | G29: OZ8005-CHESTNUT-S | H29: 3 | I29: 165CM | J29: S | K29: S | L29: S | M29: S | N29: M | O29: M | P29: L | Q29: L | R29: L | S29: L | Z29: =UPPER(TRIM(B29))&"|"&UPPER(TRIM(C29))&"|"&UPPER(TRIM(D29))
A30: Ozlana | B30: Ozlana OZ8005 Double Logo Short Reversible Shearling Jacket | C30: CHESTNUT | D30: M | E30: 193.6 | F30: 100 | G30: OZ8005-CHESTNUT-M | H30: 3 | I30: 170CM | J30: S | K30: S | L30: S | M30: S | N30: M | O30: M | P30: M | Q30: L | R30: L | S30: L | Z30: =UPPER(TRIM(B30))&"|"&UPPER(TRIM(C30))&"|"&UPPER(TRIM(D30))
A31: Ozlana | B31: Ozlana OZ8005 Double Logo Short Reversible Shearling Jacket | C31: CHESTNUT | D31: L | E31: 193.6 | F31: 100 | G31: OZ8005-CHESTNUT-L | H31: 3 | I31: 175CM | J31: S | K31: S | L31: S | M31: S | N31: M | O31: M | P31: M | Q31: L | R31: L | S31: L | Z31: =UPPER(TRIM(B31))&"|"&UPPER(TRIM(C31))&"|"&UPPER(TRIM(D31))
A32: Ozlana | B32: Ozlana OZ8005 Double Logo Short Reversible Shearling Jacket | C32: CHOCOLATE | D32: S | E32: 193.6 | F32: 100 | G32: OZ8005-CHOCOLATE-S | H32: 3 | Z32: =UPPER(TRIM(B32))&"|"&UPPER(TRIM(C32))&"|"&UPPER(TRIM(D32))
A33: Ozlana | B33: Ozlana OZ8005 Double Logo Short Reversible Shearling Jacket | C33: CHOCOLATE | D33: M | E33: 193.6 | F33: 100 | G33: OZ8005-CHOCOLATE-M | H33: 3 | I33: 추천 사이즈 (키 / 몸무게 기준) - 조끼 (OZ8004, OZ8014) | Z33: =UPPER(TRIM(B33))&"|"&UPPER(TRIM(C33))&"|"&UPPER(TRIM(D33))
A34: Ozlana | B34: Ozlana OZ8005 Double Logo Short Reversible Shearling Jacket | C34: CHOCOLATE | D34: L | E34: 193.6 | F34: 100 | G34: OZ8005-CHOCOLATE-L | H34: 3 | I34: CM \ KG | J34: 40KG | K34: 45KG | L34: 50KG | M34: 55KG | N34: 60KG | O34: 65KG | P34: 70KG | Q34: 75KG | R34: 80KG | S34: 85KG | Z34: =UPPER(TRIM(B34))&"|"&UPPER(TRIM(C34))&"|"&UPPER(TRIM(D34))
A35: Ozlana | B35: Ozlana OZ8006 Double Logo Stand-Collar Reversible Shearling Coat | C35: CHESTNUT | D35: S | E35: 193.6 | F35: 100 | G35: OZ8006-CHESTNUT-S | H35: 3 | I35: 155CM | J35: S | K35: S | L35: S | M35: M | N35: M | O35: M | P35: L | Q35: L | R35: L | S35: L | Z35: =UPPER(TRIM(B35))&"|"&UPPER(TRIM(C35))&"|"&UPPER(TRIM(D35))
A36: Ozlana | B36: Ozlana OZ8006 Double Logo Stand-Collar Reversible Shearling Coat | C36: CHESTNUT | D36: M | E36: 193.6 | F36: 100 | G36: OZ8006-CHESTNUT-M | H36: 3 | I36: 160CM | J36: S | K36: S | L36: S | M36: M | N36: M | O36: M | P36: L | Q36: L | R36: L | S36: L | Z36: =UPPER(TRIM(B36))&"|"&UPPER(TRIM(C36))&"|"&UPPER(TRIM(D36))
A37: Ozlana | B37: Ozlana OZ8006 Double Logo Stand-Collar Reversible Shearling Coat | C37: CHESTNUT | D37: L | E37: 193.6 | F37: 100 | G37: OZ8006-CHESTNUT-L | H37: 3 | I37: 165CM | J37: S | K37: S | L37: S | M37: M | N37: M | O37: M | P37: L | Q37: L | R37: L | S37: L | Z37: =UPPER(TRIM(B37))&"|"&UPPER(TRIM(C37))&"|"&UPPER(TRIM(D37))
A38: Ozlana | B38: Ozlana OZ8006 Double Logo Stand-Collar Reversible Shearling Coat | C38: CHOCOLATE | D38: S | E38: 193.6 | F38: 100 | G38: OZ8006-CHOCOLATE-S | H38: 3 | I38: 170CM | J38: S | K38: S | L38: S | M38: M | N38: M | O38: M | P38: L | Q38: L | R38: L | S38: L | Z38: =UPPER(TRIM(B38))&"|"&UPPER(TRIM(C38))&"|"&UPPER(TRIM(D38))
A39: Ozlana | B39: Ozlana OZ8006 Double Logo Stand-Collar Reversible Shearling Coat | C39: CHOCOLATE | D39: M | E39: 193.6 | F39: 100 | G39: OZ8006-CHOCOLATE-M | H39: 3 | I39: 175CM | J39: S | K39: S | L39: S | M39: S | N39: M | O39: M | P39: L | Q39: L | R39: L | S39: L | Z39: =UPPER(TRIM(B39))&"|"&UPPER(TRIM(C39))&"|"&UPPER(TRIM(D39))
A40: Ozlana | B40: Ozlana OZ8006 Double Logo Stand-Collar Reversible Shearling Coat | C40: CHOCOLATE | D40: L | E40: 193.6 | F40: 100 | G40: OZ8006-CHOCOLATE-L | H40: 3 | Z40: =UPPER(TRIM(B40))&"|"&UPPER(TRIM(C40))&"|"&UPPER(TRIM(D40))
A41: Ozlana | B41: Ozlana OZ8007 Double Logo Hooded Reversible Shearling Coat | C41: CHESTNUT | D41: S | E41: 193.6 | F41: 100 | G41: OZ8007-CHESTNUT-S | H41: 3 | I41: * 추천 사이즈는 참고용입니다. 정확한 사이즈는 위 실측표를 확인해 주세요. | Z41: =UPPER(TRIM(B41))&"|"&UPPER(TRIM(C41))&"|"&UPPER(TRIM(D41))
A42: Ozlana | B42: Ozlana OZ8007 Double Logo Hooded Reversible Shearling Coat | C42: CHESTNUT | D42: M | E42: 193.6 | F42: 100 | G42: OZ8007-CHESTNUT-M | H42: 3 | Z42: =UPPER(TRIM(B42))&"|"&UPPER(TRIM(C42))&"|"&UPPER(TRIM(D42))
A43: Ozlana | B43: Ozlana OZ8007 Double Logo Hooded Reversible Shearling Coat | C43: CHESTNUT | D43: L | E43: 193.6 | F43: 100 | G43: OZ8007-CHESTNUT-L | H43: 3 | Z43: =UPPER(TRIM(B43))&"|"&UPPER(TRIM(C43))&"|"&UPPER(TRIM(D43))
A44: Ozlana | B44: Ozlana OZ8007 Double Logo Hooded Reversible Shearling Coat | C44: TAUPE | D44: S | E44: 193.6 | F44: 100 | G44: OZ8007-TAUPE-S | H44: 3 | Z44: =UPPER(TRIM(B44))&"|"&UPPER(TRIM(C44))&"|"&UPPER(TRIM(D44))
A45: Ozlana | B45: Ozlana OZ8007 Double Logo Hooded Reversible Shearling Coat | C45: TAUPE | D45: M | E45: 193.6 | F45: 100 | G45: OZ8007-TAUPE-M | H45: 3 | Z45: =UPPER(TRIM(B45))&"|"&UPPER(TRIM(C45))&"|"&UPPER(TRIM(D45))
A46: Ozlana | B46: Ozlana OZ8007 Double Logo Hooded Reversible Shearling Coat | C46: TAUPE | D46: L | E46: 193.6 | F46: 100 | G46: OZ8007-TAUPE-L | H46: 3 | Z46: =UPPER(TRIM(B46))&"|"&UPPER(TRIM(C46))&"|"&UPPER(TRIM(D46))
A47: Ozlana | B47: Ozlana OZ8008 Toggle Reversible Shearling Jacket | C47: CHESTNUT | D47: S | E47: 181.5 | F47: 100 | G47: OZ8008-CHESTNUT-S | H47: 3 | Z47: =UPPER(TRIM(B47))&"|"&UPPER(TRIM(C47))&"|"&UPPER(TRIM(D47))
A48: Ozlana | B48: Ozlana OZ8008 Toggle Reversible Shearling Jacket | C48: CHESTNUT | D48: M | E48: 181.5 | F48: 100 | G48: OZ8008-CHESTNUT-M | H48: 3 | Z48: =UPPER(TRIM(B48))&"|"&UPPER(TRIM(C48))&"|"&UPPER(TRIM(D48))
A49: Ozlana | B49: Ozlana OZ8008 Toggle Reversible Shearling Jacket | C49: CHESTNUT | D49: L | E49: 181.5 | F49: 100 | G49: OZ8008-CHESTNUT-L | H49: 3 | Z49: =UPPER(TRIM(B49))&"|"&UPPER(TRIM(C49))&"|"&UPPER(TRIM(D49))
A50: Ozlana | B50: Ozlana OZ8009 Belted Hooded Reversible Shearling Jacket | C50: BROWN | D50: S | E50: 181.5 | F50: 100 | G50: OZ8009-BROWN-S | H50: 3 | Z50: =UPPER(TRIM(B50))&"|"&UPPER(TRIM(C50))&"|"&UPPER(TRIM(D50))
A51: Ozlana | B51: Ozlana OZ8009 Belted Hooded Reversible Shearling Jacket | C51: BROWN | D51: M | E51: 181.5 | F51: 100 | G51: OZ8009-BROWN-M | H51: 3 | Z51: =UPPER(TRIM(B51))&"|"&UPPER(TRIM(C51))&"|"&UPPER(TRIM(D51))
A52: Ozlana | B52: Ozlana OZ8009 Belted Hooded Reversible Shearling Jacket | C52: BROWN | D52: L | E52: 181.5 | F52: 100 | G52: OZ8009-BROWN-L | H52: 3 | Z52: =UPPER(TRIM(B52))&"|"&UPPER(TRIM(C52))&"|"&UPPER(TRIM(D52))
A53: Ozlana | B53: Ozlana OZ8009 Belted Hooded Reversible Shearling Jacket | C53: COGNAC | D53: S | E53: 181.5 | F53: 100 | G53: OZ8009-COGNAC-S | H53: 3 | Z53: =UPPER(TRIM(B53))&"|"&UPPER(TRIM(C53))&"|"&UPPER(TRIM(D53))
... A82: Ozlana | B82: Ozlana OZ8014 Logo Utility Reversible Shearling Vest | C82: CHESTNUT | D82: L | E82: 166.98 | F82: 100 | G82: OZ8014-CHESTNUT-L | H82: 2 | Z82: =UPPER(TRIM(B82))&"|"&UPPER(TRIM(C82))&"|"&UPPER(TRIM(D82))
A83: Ozlana | B83: Ozlana 스카프 Aurora Opal (OZ6003) | E83: 23.1 | F83: 1 | G83: 60038253013 | H83: 1 | Z83: =UPPER(TRIM(B83))&"|"&UPPER(TRIM(C83))&"|"&UPPER(TRIM(D83))
A84: Ozlana | B84: Ozlana 스카프 Charcoal Fog (OZ6014) | E84: 23.1 | F84: 0 | G84: 60148253020 | H84: 1 | Z84: =UPPER(TRIM(B84))&"|"&UPPER(TRIM(C84))&"|"&UPPER(TRIM(D84))
A85: Ozlana | B85: Ozlana 스카프 Creamy Chestnut (OZ6004) | E85: 23.1 | F85: 0 | G85: 60048253014 | H85: 1 | Z85: =UPPER(TRIM(B85))&"|"&UPPER(TRIM(C85))&"|"&UPPER(TRIM(D85))
A86: Ozlana | B86: Ozlana 스카프 Glacier Sky (OZ6012) | E86: 23.1 | F86: 0 | G86: 60128253018 | H86: 1 | Z86: =UPPER(TRIM(B86))&"|"&UPPER(TRIM(C86))&"|"&UPPER(TRIM(D86))
A87: Ozlana | B87: Ozlana 스카프 Golden Oak (OZ6015) | E87: 23.1 | F87: 0 | G87: 60158253021 | H87: 1 | Z87: =UPPER(TRIM(B87))&"|"&UPPER(TRIM(C87))&"|"&UPPER(TRIM(D87))
A88: Ozlana | B88: Ozlana 스카프 Heritage Brown (OZ6008) | E88: 23.1 | F88: 0 | G88: 60088253018 | H88: 1 | Z88: =UPPER(TRIM(B88))&"|"&UPPER(TRIM(C88))&"|"&UPPER(TRIM(D88))
A89: Ozlana | B89: Ozlana 스카프 Iridescent Dream (OZ6006) | E89: 23.1 | F89: 0 | G89: 60068253016 | H89: 1 | Z89: =UPPER(TRIM(B89))&"|"&UPPER(TRIM(C89))&"|"&UPPER(TRIM(D89))
A90: Ozlana | B90: Ozlana 스카프 Island Dunes (OZ6002) | E90: 23.1 | F90: 0 | G90: 60028253012 | H90: 1 | Z90: =UPPER(TRIM(B90))&"|"&UPPER(TRIM(C90))&"|"&UPPER(TRIM(D90))
A91: Ozlana | B91: Ozlana 스카프 Misty Forest (OZ6011) | E91: 23.1 | F91: 0 | G91: 60118253017 | H91: 1 | Z91: =UPPER(TRIM(B91))&"|"&UPPER(TRIM(C91))&"|"&UPPER(TRIM(D91))
A92: Ozlana | B92: Ozlana 스카프 Mystic Oasis Green (OZ6001) | E92: 23.1 | F92: 0 | G92: 60018253011 | H92: 1 | Z92: =UPPER(TRIM(B92))&"|"&UPPER(TRIM(C92))&"|"&UPPER(TRIM(D92))
A93: Ozlana | B93: Ozlana 스카프 Oat Cream (OZ6019) | E93: 28.6 | F93: 0 | G93: 60198253026 | H93: 1 | Z93: =UPPER(TRIM(B93))&"|"&UPPER(TRIM(C93))&"|"&UPPER(TRIM(D93))
A94: Ozlana | B94: Ozlana 스카프 Olive Grove (OZ6013) | E94: 23.1 | F94: 0 | G94: 60138253019 | H94: 1 | Z94: =UPPER(TRIM(B94))&"|"&UPPER(TRIM(C94))&"|"&UPPER(TRIM(D94))
... A100: Ozlana | B100: Ozlana 스카프 Toffee Chestnut (OZ6018) | E100: 28.6 | F100: 0 | G100: 60188253025 | H100: 1 | Z100: =UPPER(TRIM(B100))&"|"&UPPER(TRIM(C100))&"|"&UPPER(TRIM(D100))
A101: Ozlana | B101: [OZ0001] Ozlana Classic Ultra Mini | C101: Black | D101: 4 | E101: 44 | F101: 2 | G101: OZL-OZ0001-BLACK-4 | H101: 3 | Z101: =UPPER(TRIM(B101))&"|"&UPPER(TRIM(C101))&"|"&UPPER(TRIM(D101))
A102: Ozlana | B102: [OZ0001] Ozlana Classic Ultra Mini | C102: Black | D102: 5 | E102: 44 | F102: 16 | G102: OZL-OZ0001-BLACK-5 | H102: 3 | Z102: =UPPER(TRIM(B102))&"|"&UPPER(TRIM(C102))&"|"&UPPER(TRIM(D102))
A103: Ozlana | B103: [OZ0001] Ozlana Classic Ultra Mini | C103: Black | D103: 6 | E103: 44 | F103: 22 | G103: OZL-OZ0001-BLACK-6 | H103: 3 | Z103: =UPPER(TRIM(B103))&"|"&UPPER(TRIM(C103))&"|"&UPPER(TRIM(D103))
A104: Ozlana | B104: [OZ0001] Ozlana Classic Ultra Mini | C104: Black | D104: 7 | E104: 44 | F104: 25 | G104: OZL-OZ0001-BLACK-7 | H104: 3 | Z104: =UPPER(TRIM(B104))&"|"&UPPER(TRIM(C104))&"|"&UPPER(TRIM(D104))
A105: Ozlana | B105: [OZ0001] Ozlana Classic Ultra Mini | C105: Black | D105: 8 | E105: 44 | F105: 16 | G105: OZL-OZ0001-BLACK-8 | H105: 3 | Z105: =UPPER(TRIM(B105))&"|"&UPPER(TRIM(C105))&"|"&UPPER(TRIM(D105))
A106: Ozlana | B106: [OZ0001] Ozlana Classic Ultra Mini | C106: Black | D106: 9 | E106: 44 | F106: 10 | G106: OZL-OZ0001-BLACK-9 | H106: 3 | Z106: =UPPER(TRIM(B106))&"|"&UPPER(TRIM(C106))&"|"&UPPER(TRIM(D106))
A107: Ozlana | B107: [OZ0001] Ozlana Classic Ultra Mini | C107: Black | D107: 10 | E107: 44 | F107: 4 | G107: OZL-OZ0001-BLACK-10 | H107: 3 | Z107: =UPPER(TRIM(B107))&"|"&UPPER(TRIM(C107))&"|"&UPPER(TRIM(D107))
A108: Ozlana | B108: [OZ0001] Ozlana Classic Ultra Mini | C108: Black | D108: 11 | E108: 44 | F108: 5 | G108: OZL-OZ0001-BLACK-11 | H108: 3 | Z108: =UPPER(TRIM(B108))&"|"&UPPER(TRIM(C108))&"|"&UPPER(TRIM(D108))
A109: Ozlana | B109: [OZ0001] Ozlana Classic Ultra Mini | C109: Black | D109: 12 | E109: 44 | F109: 8 | G109: OZL-OZ0001-BLACK-12 | H109: 3 | Z109: =UPPER(TRIM(B109))&"|"&UPPER(TRIM(C109))&"|"&UPPER(TRIM(D109))
A110: Ozlana | B110: [OZ0001] Ozlana Classic Ultra Mini | C110: Black | D110: 13 | E110: 44 | F110: 4 | G110: OZL-OZ0001-BLACK-13 | H110: 3 | Z110: =UPPER(TRIM(B110))&"|"&UPPER(TRIM(C110))&"|"&UPPER(TRIM(D110))
A111: Ozlana | B111: [OZ0001] Ozlana Classic Ultra Mini | C111: Chestnut | D111: 4 | E111: 44 | F111: 6 | G111: OZL-OZ0001-CHESTNUT-4 | H111: 3 | Z111: =UPPER(TRIM(B111))&"|"&UPPER(TRIM(C111))&"|"&UPPER(TRIM(D111))
A112: Ozlana | B112: [OZ0001] Ozlana Classic Ultra Mini | C112: Chestnut | D112: 5 | E112: 44 | F112: 5 | G112: OZL-OZ0001-CHESTNUT-5 | H112: 3 | Z112: =UPPER(TRIM(B112))&"|"&UPPER(TRIM(C112))&"|"&UPPER(TRIM(D112))
... A1134: Ozlana | B1134: [OZ3035] Ozlana Cookie Mule Platform (Detachable Feature) | C1134: Chocolate | D1134: 9 | E1134: 55 | F1134: 0 | G1134: OZL-OZ3035-CHOCOLATE-9 | H1134: 2 | Z1134: =UPPER(TRIM(B1134))&"|"&UPPER(TRIM(C1134))&"|"&UPPER(TRIM(D1134))

Sheet OZWEAR
A1: 브랜드 | B1: 상품명 | C1: 색상 | D1: 사이즈 | E1: 가격(AUD) | F1: 재고 | G1: SKU | H1: 무게(kg) | I1: MEN'S SHEEPSKIN BOOTS SIZE CHART | Z1: 조회키
A2: OZWEAR UGG | B2: KIDS CLASSIC UGG BUTTON BOOTS (WATER RESISTANT) (OB022 II) | C2: CHESTNUT | D2: 5/6 | E2: 50.82 | F2: 43 | G2: 9341517099493 | H2: 1 | I2: AUSTRALIAN MENS | J2: 6M | K2: 7M | L2: 8M | M2: 9M | N2: 10M | O2: 11M | P2: 12M | Z2: =UPPER(TRIM(B2))&"|"&UPPER(TRIM(C2))&"|"&UPPER(TRIM(D2))
A3: OZWEAR UGG | B3: KIDS CLASSIC UGG BUTTON BOOTS (WATER RESISTANT) (OB022 II) | C3: CHESTNUT | D3: 7/8 | E3: 50.82 | F3: 63 | G3: 9341517099509 | H3: 1 | I3: CHINESE | J3: 248 | K3: 256 | L3: 264 | M3: 273 | N3: 281 | O3: 289 | P3: 298 | Z3: =UPPER(TRIM(B3))&"|"&UPPER(TRIM(C3))&"|"&UPPER(TRIM(D3))
A4: OZWEAR UGG | B4: KIDS CLASSIC UGG BUTTON BOOTS (WATER RESISTANT) (OB022 II) | C4: CHESTNUT | D4: 9/10 | E4: 50.82 | F4: 62 | G4: 9341517099516 | H4: 1 | I4: EUROPEAN | J4: 39 | K4: 40 | L4: 41 | M4: 42 | N4: 43 | O4: 44 | P4: 45 | Z4: =UPPER(TRIM(B4))&"|"&UPPER(TRIM(C4))&"|"&UPPER(TRIM(D4))
A5: OZWEAR UGG | B5: KIDS CLASSIC UGG BUTTON BOOTS (WATER RESISTANT) (OB022 II) | C5: CHESTNUT | D5: 11/12 | E5: 55.9 | F5: 53 | G5: 9341517085458 | H5: 1 | I5: UK MENS | J5: 6 | K5: 7 | L5: 8 | M5: 9 | N5: 10 | O5: 11 | P5: 12 | Z5: =UPPER(TRIM(B5))&"|"&UPPER(TRIM(C5))&"|"&UPPER(TRIM(D5))
A6: OZWEAR UGG | B6: KIDS CLASSIC UGG BUTTON BOOTS (WATER RESISTANT) (OB022 II) | C6: CHESTNUT | D6: 13/1 | E6: 50.82 | F6: 70 | G6: 9341517085465 | H6: 1 | I6: AMERICAN MENS | J6: 7/8 | K6: 8/9 | L6: 9/10 | M6: 10/11 | N6: 11/12 | O6: 12/13 | P6: 13/14 | Z6: =UPPER(TRIM(B6))&"|"&UPPER(TRIM(C6))&"|"&UPPER(TRIM(D6))
A7: OZWEAR UGG | B7: KIDS CLASSIC UGG BUTTON BOOTS (WATER RESISTANT) (OB022 II) | C7: CHESTNUT | D7: 2/3 | E7: 50.82 | F7: 53 | G7: 9341517085472 | H7: 1 | I7: JAPANESE | J7: 25 | K7: 26 | L7: 27 | M7: 28 | N7: 29 | O7: 30 | P7: 31 | Z7: =UPPER(TRIM(B7))&"|"&UPPER(TRIM(C7))&"|"&UPPER(TRIM(D7))
A8: OZWEAR UGG | B8: KIDS CLASSIC UGG BUTTON BOOTS (WATER RESISTANT) (OB022 II) | C8: ROSE | D8: 5/6 | E8: 50.82 | F8: 0 | G8: 9341517085489 | H8: 1 | I8: KOREAN | J8: 245 | K8: 255 | L8: 265 | M8: 275 | N8: 285 | O8: 295 | P8: 305 | Z8: =UPPER(TRIM(B8))&"|"&UPPER(TRIM(C8))&"|"&UPPER(TRIM(D8))
A9: OZWEAR UGG | B9: KIDS CLASSIC UGG BUTTON BOOTS (WATER RESISTANT) (OB022 II) | C9: ROSE | D9: 7/8 | E9: 50.82 | F9: 0 | G9: 9341517085496 | H9: 1 | I9: FOOT LENGTH: CM | J9: 24.8 | K9: 25.6 | L9: 26.4 | M9: 27.3 | N9: 28.1 | O9: 28.9 | P9: 29.8 | Z9: =UPPER(TRIM(B9))&"|"&UPPER(TRIM(C9))&"|"&UPPER(TRIM(D9))
A10: OZWEAR UGG | B10: KIDS CLASSIC UGG BUTTON BOOTS (WATER RESISTANT) (OB022 II) | C10: ROSE | D10: 9/10 | E10: 50.82 | F10: 0 | G10: 9341517085083 | H10: 1 | Z10: =UPPER(TRIM(B10))&"|"&UPPER(TRIM(C10))&"|"&UPPER(TRIM(D10))
A11: OZWEAR UGG | B11: KIDS CLASSIC UGG BUTTON BOOTS (WATER RESISTANT) (OB022 II) | C11: ROSE | D11: 11/12 | E11: 50.82 | F11: 0 | G11: 9341517085090 | H11: 1 | I11: WOMEN'S SHEEPSKIN SHOES & SLIPPERS/BOOTS SIZE CHART | Z11: =UPPER(TRIM(B11))&"|"&UPPER(TRIM(C11))&"|"&UPPER(TRIM(D11))
A12: OZWEAR UGG | B12: KIDS CLASSIC UGG BUTTON BOOTS (WATER RESISTANT) (OB022 II) | C12: ROSE | D12: 13/1 | E12: 50.82 | F12: 0 | G12: 9341517085106 | H12: 1 | I12: AUSTRALIAN LADIES | J12: 5L | K12: 6L | L12: 7L | M12: 8L | N12: 9L | O12: 10L | P12: 11L | Z12: =UPPER(TRIM(B12))&"|"&UPPER(TRIM(C12))&"|"&UPPER(TRIM(D12))
A13: OZWEAR UGG | B13: KIDS CLASSIC UGG BUTTON BOOTS (WATER RESISTANT) (OB022 II) | C13: ROSE | D13: 2/3 | E13: 50.82 | F13: 0 | G13: 9341517085113 | H13: 1 | I13: EUROPEAN | J13: 35 | K13: 36 | L13: 37 | M13: 38 | N13: 39 | O13: 40 | P13: 41 | Z13: =UPPER(TRIM(B13))&"|"&UPPER(TRIM(C13))&"|"&UPPER(TRIM(D13))
A14: OZWEAR UGG | B14: KIDS CLASSIC UGG BUTTON BOOTS (WATER RESISTANT) (OB022 II) | C14: OLIVE | D14: 5/6 | E14: 50.82 | F14: 27 | G14: 9341517190213 | H14: 1 | I14: UK LADIES | J14: 3 | K14: 4 | L14: 5 | M14: 6 | N14: 7 | O14: 8 | P14: 9 | Z14: =UPPER(TRIM(B14))&"|"&UPPER(TRIM(C14))&"|"&UPPER(TRIM(D14))
A15: OZWEAR UGG | B15: KIDS CLASSIC UGG BUTTON BOOTS (WATER RESISTANT) (OB022 II) | C15: OLIVE | D15: 7/8 | E15: 50.82 | F15: 28 | G15: 9341517190220 | H15: 1 | I15: AMERICAN LADIES | J15: 4/5 | K15: 5/6 | L15: 6/7 | M15: 7/8 | N15: 8/9 | O15: 9/10 | P15: 10/11 | Z15: =UPPER(TRIM(B15))&"|"&UPPER(TRIM(C15))&"|"&UPPER(TRIM(D15))
A16: OZWEAR UGG | B16: KIDS CLASSIC UGG BUTTON BOOTS (WATER RESISTANT) (OB022 II) | C16: OLIVE | D16: 9/10 | E16: 50.82 | F16: 39 | G16: 9341517190237 | H16: 1 | I16: JAPANESE | J16: 22 | K16: 23 | L16: 24 | M16: 25 | N16: 26 | O16: 27 | P16: 28 | Z16: =UPPER(TRIM(B16))&"|"&UPPER(TRIM(C16))&"|"&UPPER(TRIM(D16))
A17: OZWEAR UGG | B17: KIDS CLASSIC UGG BUTTON BOOTS (WATER RESISTANT) (OB022 II) | C17: OLIVE | D17: 11/12 | E17: 50.82 | F17: 66 | G17: 9341517190183 | H17: 1 | I17: KOREAN | J17: 225 | K17: 230 | L17: 235 | M17: 240 | N17: 245 | O17: 255 | P17: 265 | Z17: =UPPER(TRIM(B17))&"|"&UPPER(TRIM(C17))&"|"&UPPER(TRIM(D17))
A18: OZWEAR UGG | B18: KIDS CLASSIC UGG BUTTON BOOTS (WATER RESISTANT) (OB022 II) | C18: OLIVE | D18: 13/1 | E18: 50.82 | F18: 50 | G18: 9341517190190 | H18: 1 | I18: FOOT LENGTH: CM | J18: 22 | K18: 23 | L18: 23.5 | M18: 24.5 | N18: 25 | O18: 26 | P18: 27 | Z18: =UPPER(TRIM(B18))&"|"&UPPER(TRIM(C18))&"|"&UPPER(TRIM(D18))
A19: OZWEAR UGG | B19: KIDS CLASSIC UGG BUTTON BOOTS (WATER RESISTANT) (OB022 II) | C19: OLIVE | D19: 2/3 | E19: 50.82 | F19: 28 | G19: 9341517190206 | H19: 1 | Z19: =UPPER(TRIM(B19))&"|"&UPPER(TRIM(C19))&"|"&UPPER(TRIM(D19))
A20: OZWEAR UGG | B20: KIDS CLASSIC UGG BUTTON BOOTS (WATER RESISTANT) (OB022 II) | C20: PALE MAUVE | D20: 5/6 | E20: 50.82 | F20: 56 | G20: 9341517190275 | H20: 1 | I20: COW SUEDE CLASSIC BOOTS / UNISEX STYLE SIZE CHART | Z20: =UPPER(TRIM(B20))&"|"&UPPER(TRIM(C20))&"|"&UPPER(TRIM(D20))
A21: OZWEAR UGG | B21: KIDS CLASSIC UGG BUTTON BOOTS (WATER RESISTANT) (OB022 II) | C21: PALE MAUVE | D21: 7/8 | E21: 50.82 | F21: 34 | G21: 9341517190282 | H21: 1 | I21: AUSTRALIAN M/L | J21: 2M/4L | K21: 3M/5L | L21: 4M/6L | M21: 5M/7L | N21: 6M/8L | O21: 7M/9L | P21: 8M/10L | Q21: 9M/11L | R21: 10M/12L | S21: 11M/13L | T21: 12M/14L | U21: 13M/15L | V21: 14M/16L | Z21: =UPPER(TRIM(B21))&"|"&UPPER(TRIM(C21))&"|"&UPPER(TRIM(D21))
A22: OZWEAR UGG | B22: KIDS CLASSIC UGG BUTTON BOOTS (WATER RESISTANT) (OB022 II) | C22: PALE MAUVE | D22: 9/10 | E22: 50.82 | F22: 9 | G22: 9341517190299 | H22: 1 | I22: EUROPEAN | J22: 35 | K22: 36 | L22: 37 | M22: 38 | N22: 39 | O22: 40 | P22: 41 | Q22: 42 | R22: 43 | S22: 44 | T22: 45 | U22: 46 | V22: 47 | Z22: =UPPER(TRIM(B22))&"|"&UPPER(TRIM(C22))&"|"&UPPER(TRIM(D22))
A23: OZWEAR UGG | B23: KIDS CLASSIC UGG BUTTON BOOTS (WATER RESISTANT) (OB022 II) | C23: PALE MAUVE | D23: 11/12 | E23: 50.82 | F23: 18 | G23: 9341517190244 | H23: 1 | I23: UK MENS&LADIES | J23: 3 | K23: 4 | L23: 5 | M23: 6 | N23: 7 | O23: 8 | P23: 9 | Q23: 10 | R23: 11 | S23: 12 | T23: 13 | U23: 14 | V23: 15 | Z23: =UPPER(TRIM(B23))&"|"&UPPER(TRIM(C23))&"|"&UPPER(TRIM(D23))
A24: OZWEAR UGG | B24: KIDS CLASSIC UGG BUTTON BOOTS (WATER RESISTANT) (OB022 II) | C24: PALE MAUVE | D24: 13/1 | E24: 50.82 | F24: 14 | G24: 9341517190251 | H24: 1 | I24: AMERICAN M/L | J24: 4/5 | K24: 5/6 | L24: 6/7 | M24: 7/8 | N24: 8/9 | O24: 9/10 | P24: 10/11 | Q24: 11/12 | R24: 12/13 | S24: 13/14 | T24: 14/15 | U24: 15/16 | V24: 16/17 | Z24: =UPPER(TRIM(B24))&"|"&UPPER(TRIM(C24))&"|"&UPPER(TRIM(D24))
A25: OZWEAR UGG | B25: KIDS CLASSIC UGG BUTTON BOOTS (WATER RESISTANT) (OB022 II) | C25: PALE MAUVE | D25: 2/3 | E25: 50.82 | F25: 33 | G25: 9341517190268 | H25: 1 | I25: JAPANESE | J25: 22 | K25: 23 | L25: 24 | M25: 25 | N25: 26 | O25: 27 | P25: 28 | Q25: 29 | R25: 30 | S25: 31 | T25: 33 | U25: 34 | V25: 35 | Z25: =UPPER(TRIM(B25))&"|"&UPPER(TRIM(C25))&"|"&UPPER(TRIM(D25))
A26: OZWEAR UGG | B26: KIDS CLASSIC UGG LONG BOOTS (WATER RESISTANT) (OB007 II) | C26: CHARCOAL | D26: 5/6 | E26: 49.61 | F26: 0 | G26: 9341517083331 | H26: 2 | I26: FOOT LENGTH: CM | J26: 22.3 | K26: 23.1 | L26: 23.9 | M26: 24.7 | N26: 25.5 | O26: 26.3 | P26: 27.1 | Q26: 27.9 | R26: 28.7 | S26: 29.5 | T26: 30.5 | U26: 31.5 | V26: 32.5 | Z26: =UPPER(TRIM(B26))&"|"&UPPER(TRIM(C26))&"|"&UPPER(TRIM(D26))
A27: OZWEAR UGG | B27: KIDS CLASSIC UGG LONG BOOTS (WATER RESISTANT) (OB007 II) | C27: CHARCOAL | D27: 7/8 | E27: 49.61 | F27: 0 | G27: 9341517083348 | H27: 2 | Z27: =UPPER(TRIM(B27))&"|"&UPPER(TRIM(C27))&"|"&UPPER(TRIM(D27))
A28: OZWEAR UGG | B28: KIDS CLASSIC UGG LONG BOOTS (WATER RESISTANT) (OB007 II) | C28: CHARCOAL | D28: 9/10 | E28: 49.61 | F28: 0 | G28: 9341517083355 | H28: 2 | I28: SLIPPER SIZE (SHEEPSKIN) | Z28: =UPPER(TRIM(B28))&"|"&UPPER(TRIM(C28))&"|"&UPPER(TRIM(D28))
A29: OZWEAR UGG | B29: KIDS CLASSIC UGG LONG BOOTS (WATER RESISTANT) (OB007 II) | C29: CHARCOAL | D29: 11/12 | E29: 49.61 | F29: 0 | G29: 9341517083362 | H29: 2 | J29: S | K29: M | L29: L | M29: XL | Z29: =UPPER(TRIM(B29))&"|"&UPPER(TRIM(C29))&"|"&UPPER(TRIM(D29))
A30: OZWEAR UGG | B30: KIDS CLASSIC UGG LONG BOOTS (WATER RESISTANT) (OB007 II) | C30: CHARCOAL | D30: 13/1 | E30: 49.61 | F30: 0 | G30: 9341517083379 | H30: 2 | I30: WOMEN | J30: 35/36 | K30: 37/38 | L30: 39/40 | M30: 41/42 | Z30: =UPPER(TRIM(B30))&"|"&UPPER(TRIM(C30))&"|"&UPPER(TRIM(D30))
A31: OZWEAR UGG | B31: KIDS CLASSIC UGG LONG BOOTS (WATER RESISTANT) (OB007 II) | C31: CHARCOAL | D31: 2/3 | E31: 49.61 | F31: 0 | G31: 9341517083386 | H31: 2 | I31: MEN | J31: 39/40 | K31: 41/42 | L31: 43/44 | M31: 45/46 | Z31: =UPPER(TRIM(B31))&"|"&UPPER(TRIM(C31))&"|"&UPPER(TRIM(D31))
A32: OZWEAR UGG | B32: KIDS CLASSIC UGG LONG BOOTS (WATER RESISTANT) (OB007 II) | C32: CHESTNUT | D32: 5/6 | E32: 49.61 | F32: 167 | G32: 9341517083218 | H32: 2 | Z32: =UPPER(TRIM(B32))&"|"&UPPER(TRIM(C32))&"|"&UPPER(TRIM(D32))
A33: OZWEAR UGG | B33: KIDS CLASSIC UGG LONG BOOTS (WATER RESISTANT) (OB007 II) | C33: CHESTNUT | D33: 7/8 | E33: 49.61 | F33: 181 | G33: 9341517083225 | H33: 2 | I33: BABY BOOTS SIZE CHART | Z33: =UPPER(TRIM(B33))&"|"&UPPER(TRIM(C33))&"|"&UPPER(TRIM(D33))
A34: OZWEAR UGG | B34: KIDS CLASSIC UGG LONG BOOTS (WATER RESISTANT) (OB007 II) | C34: CHESTNUT | D34: 9/10 | E34: 49.61 | F34: 149 | G34: 9341517083232 | H34: 2 | I34: BABY SIZES | J34: S | K34: M | L34: L | M34: XL | Z34: =UPPER(TRIM(B34))&"|"&UPPER(TRIM(C34))&"|"&UPPER(TRIM(D34))
A35: OZWEAR UGG | B35: KIDS CLASSIC UGG LONG BOOTS (WATER RESISTANT) (OB007 II) | C35: CHESTNUT | D35: 11/12 | E35: 49.61 | F35: 107 | G35: 9341517083249 | H35: 2 | I35: BABY'S AGES | J35: 0-6 MONTH | K35: 7-12 MONTH | L35: 1-2 YEAR | M35: 2-3 YEAR | Z35: =UPPER(TRIM(B35))&"|"&UPPER(TRIM(C35))&"|"&UPPER(TRIM(D35))
A36: OZWEAR UGG | B36: KIDS CLASSIC UGG LONG BOOTS (WATER RESISTANT) (OB007 II) | C36: CHESTNUT | D36: 13/1 | E36: 49.61 | F36: 101 | G36: 9341517083256 | H36: 2 | I36: FOOT LENGTH: CM | J36: Up to 10cm | K36: Up to 12cm | L36: Up to 13cm | M36: Up to 14cm | Z36: =UPPER(TRIM(B36))&"|"&UPPER(TRIM(C36))&"|"&UPPER(TRIM(D36))
A37: OZWEAR UGG | B37: KIDS CLASSIC UGG LONG BOOTS (WATER RESISTANT) (OB007 II) | C37: CHESTNUT | D37: 2/3 | E37: 49.61 | F37: 134 | G37: 9341517083263 | H37: 2 | Z37: =UPPER(TRIM(B37))&"|"&UPPER(TRIM(C37))&"|"&UPPER(TRIM(D37))
A38: OZWEAR UGG | B38: KIDS CLASSIC UGG LONG BOOTS (WATER RESISTANT) (OB007 II) | C38: HIBISCUS | D38: 5/6 | E38: 49.61 | F38: 0 | G38: 9341517083270 | H38: 2 | I38: CHILDREN SIZE CHART | Z38: =UPPER(TRIM(B38))&"|"&UPPER(TRIM(C38))&"|"&UPPER(TRIM(D38))
A39: OZWEAR UGG | B39: KIDS CLASSIC UGG LONG BOOTS (WATER RESISTANT) (OB007 II) | C39: HIBISCUS | D39: 7/8 | E39: 49.61 | F39: 0 | G39: 9341517083287 | H39: 2 | I39: AUSTRALIAN | J39: 5/6 | K39: 7/8 | L39: 9/10 | M39: 11/12 | N39: 13/1 | O39: 2/3 | Z39: =UPPER(TRIM(B39))&"|"&UPPER(TRIM(C39))&"|"&UPPER(TRIM(D39))
A40: OZWEAR UGG | B40: KIDS CLASSIC UGG LONG BOOTS (WATER RESISTANT) (OB007 II) | C40: HIBISCUS | D40: 9/10 | E40: 49.61 | F40: 0 | G40: 9341517083294 | H40: 2 | I40: CHINESE/KOREAN | J40: 145 | K40: 165 | L40: 180 | M40: 190 | N40: 200 | O40: 210 | Z40: =UPPER(TRIM(B40))&"|"&UPPER(TRIM(C40))&"|"&UPPER(TRIM(D40))
A41: OZWEAR UGG | B41: KIDS CLASSIC UGG LONG BOOTS (WATER RESISTANT) (OB007 II) | C41: HIBISCUS | D41: 11/12 | E41: 49.61 | F41: 0 | G41: 9341517083300 | H41: 2 | I41: EUROPEAN | J41: 25 | K41: 27 | L41: 29 | M41: 31 | N41: 33 | O41: 35 | Z41: =UPPER(TRIM(B41))&"|"&UPPER(TRIM(C41))&"|"&UPPER(TRIM(D41))
A42: OZWEAR UGG | B42: KIDS CLASSIC UGG LONG BOOTS (WATER RESISTANT) (OB007 II) | C42: HIBISCUS | D42: 13/1 | E42: 49.61 | F42: 0 | G42: 9341517083317 | H42: 2 | I42: USA | J42: 5/6 | K42: 7/8 | L42: 9/10 | M42: 11/12 | N42: 13/1 | O42: 2/3 | Z42: =UPPER(TRIM(B42))&"|"&UPPER(TRIM(C42))&"|"&UPPER(TRIM(D42))
A43: OZWEAR UGG | B43: KIDS CLASSIC UGG LONG BOOTS (WATER RESISTANT) (OB007 II) | C43: HIBISCUS | D43: 2/3 | E43: 49.61 | F43: 0 | G43: 9341517083324 | H43: 2 | I43: UK | J43: 7 | K43: 9 | L43: 11 | M43: 12 | N43: 1 | O43: 2 | Z43: =UPPER(TRIM(B43))&"|"&UPPER(TRIM(C43))&"|"&UPPER(TRIM(D43))
A44: OZWEAR UGG | B44: KIDS CLASSIC UGG LONG BOOTS (WATER RESISTANT) (OB007 II) | C44: BLACK | D44: 5/6 | E44: 49.61 | F44: 0 | G44: 9341517189972 | H44: 2 | I44: AGES | J44: 2-3 | K44: 3-4 | L44: 4-5 | M44: 5-6 | N44: 6-8 | O44: 8-10 | Z44: =UPPER(TRIM(B44))&"|"&UPPER(TRIM(C44))&"|"&UPPER(TRIM(D44))
A45: OZWEAR UGG | B45: KIDS CLASSIC UGG LONG BOOTS (WATER RESISTANT) (OB007 II) | C45: BLACK | D45: 7/8 | E45: 49.61 | F45: 0 | G45: 9341517189989 | H45: 2 | I45: JAPANESE | J45: 16 | K45: 17.8 | L45: 19.6 | M45: 20.2 | N45: 22 | O45: 22.9 | Z45: =UPPER(TRIM(B45))&"|"&UPPER(TRIM(C45))&"|"&UPPER(TRIM(D45))
A46: OZWEAR UGG | B46: KIDS CLASSIC UGG LONG BOOTS (WATER RESISTANT) (OB007 II) | C46: BLACK | D46: 9/10 | E46: 49.61 | F46: 0 | G46: 9341517189996 | H46: 2 | I46: FOOT LENGTH: CM | J46: 14.5 | K46: 16.5 | L46: 18 | M46: 19 | N46: 20 | O46: 21 | Z46: =UPPER(TRIM(B46))&"|"&UPPER(TRIM(C46))&"|"&UPPER(TRIM(D46))
A47: OZWEAR UGG | B47: KIDS CLASSIC UGG LONG BOOTS (WATER RESISTANT) (OB007 II) | C47: BLACK | D47: 11/12 | E47: 49.61 | F47: 0 | G47: 9341517189941 | H47: 2 | Z47: =UPPER(TRIM(B47))&"|"&UPPER(TRIM(C47))&"|"&UPPER(TRIM(D47))
A48: OZWEAR UGG | B48: KIDS CLASSIC UGG LONG BOOTS (WATER RESISTANT) (OB007 II) | C48: BLACK | D48: 13/1 | E48: 49.61 | F48: 0 | G48: 9341517189958 | H48: 2 | I48: ADULT / KIDS HAT SIZE | Z48: =UPPER(TRIM(B48))&"|"&UPPER(TRIM(C48))&"|"&UPPER(TRIM(D48))
A49: OZWEAR UGG | B49: KIDS CLASSIC UGG LONG BOOTS (WATER RESISTANT) (OB007 II) | C49: BLACK | D49: 2/3 | E49: 49.61 | F49: 0 | G49: 9341517189965 | H49: 2 | J49: ADULT(IN) | K49: ADULT(CM) | L49: KIDS(IN) | M49: KIDS(CM) | Z49: =UPPER(TRIM(B49))&"|"&UPPER(TRIM(C49))&"|"&UPPER(TRIM(D49))
A50: OZWEAR UGG | B50: KIDS CLASSIC UGG LONG BOOTS (WATER RESISTANT) (OB007 II) | C50: OLIVE | D50: 5/6 | E50: 49.61 | F50: 21 | G50: 9341517190039 | H50: 2 | I50: S/M | J50: 23 | K50: 58 | L50: 21 | M50: 54 | Z50: =UPPER(TRIM(B50))&"|"&UPPER(TRIM(C50))&"|"&UPPER(TRIM(D50))
A51: OZWEAR UGG | B51: KIDS CLASSIC UGG LONG BOOTS (WATER RESISTANT) (OB007 II) | C51: OLIVE | D51: 7/8 | E51: 49.61 | F51: 40 | G51: 9341517190046 | H51: 2 | I51: L/XL | J51: 24 | K51: 60 | L51: 22 | M51: 56 | Z51: =UPPER(TRIM(B51))&"|"&UPPER(TRIM(C51))&"|"&UPPER(TRIM(D51))
A52: OZWEAR UGG | B52: KIDS CLASSIC UGG LONG BOOTS (WATER RESISTANT) (OB007 II) | C52: OLIVE | D52: 9/10 | E52: 49.61 | F52: 68 | G52: 9341517190053 | H52: 2 | Z52: =UPPER(TRIM(B52))&"|"&UPPER(TRIM(C52))&"|"&UPPER(TRIM(D52))
A53: OZWEAR UGG | B53: KIDS CLASSIC UGG LONG BOOTS (WATER RESISTANT) (OB007 II) | C53: OLIVE | D53: 11/12 | E53: 49.61 | F53: 40 | G53: 9341517190008 | H53: 2 | I53: GLOVE SIZE (WOMEN / MEN / KIDS) | Z53: =UPPER(TRIM(B53))&"|"&UPPER(TRIM(C53))&"|"&UPPER(TRIM(D53))
A54: OZWEAR UGG | B54: KIDS CLASSIC UGG LONG BOOTS (WATER RESISTANT) (OB007 II) | C54: OLIVE | D54: 13/1 | E54: 49.61 | F54: 23 | G54: 9341517190015 | H54: 2 | I54: SIZE | J54: WOMEN(IN) | K54: WOMEN(CM) | L54: MEN(IN) | M54: MEN(CM) | N54: KIDS(IN) | O54: KIDS(CM) | Z54: =UPPER(TRIM(B54))&"|"&UPPER(TRIM(C54))&"|"&UPPER(TRIM(D54))
A55: OZWEAR UGG | B55: KIDS CLASSIC UGG LONG BOOTS (WATER RESISTANT) (OB007 II) | C55: OLIVE | D55: 2/3 | E55: 49.61 | F55: 2 | G55: 9341517190022 | H55: 2 | I55: S | J55: 6.5 | K55: 17 | L55: 7 | M55: 18 | N55: 5.7 | O55: 15 | Z55: =UPPER(TRIM(B55))&"|"&UPPER(TRIM(C55))&"|"&UPPER(TRIM(D55))
A56: OZWEAR UGG | B56: KIDS CLASSIC UGG LONG BOOTS (WATER RESISTANT) (OB007 II) | C56: PALE MAUVE | D56: 5/6 | E56: 49.61 | F56: 120 | G56: 9341517190091 | H56: 2 | I56: M | J56: 7 | K56: 18 | L56: 7.5-8 | M56: 20 | Z56: =UPPER(TRIM(B56))&"|"&UPPER(TRIM(C56))&"|"&UPPER(TRIM(D56))
A57: OZWEAR UGG | B57: KIDS CLASSIC UGG LONG BOOTS (WATER RESISTANT) (OB007 II) | C57: PALE MAUVE | D57: 7/8 | E57: 49.61 | F57: 116 | G57: 9341517190107 | H57: 2 | I57: L | J57: 7.5 | K57: 19 | L57: 8.5-9 | M57: 23 | N57: 6.25 | O57: 16.5 | Z57: =UPPER(TRIM(B57))&"|"&UPPER(TRIM(C57))&"|"&UPPER(TRIM(D57))
A58: OZWEAR UGG | B58: KIDS CLASSIC UGG LONG BOOTS (WATER RESISTANT) (OB007 II) | C58: PALE MAUVE | D58: 9/10 | E58: 49.61 | F58: 72 | G58: 9341517190114 | H58: 2 | I58: XL | J58: 8 | K58: 20 | L58: 9.5-10 | M58: 25 | Z58: =UPPER(TRIM(B58))&"|"&UPPER(TRIM(C58))&"|"&UPPER(TRIM(D58))
A59: OZWEAR UGG | B59: KIDS CLASSIC UGG LONG BOOTS (WATER RESISTANT) (OB007 II) | C59: PALE MAUVE | D59: 11/12 | E59: 49.61 | F59: 51 | G59: 9341517190060 | H59: 2 | Z59: =UPPER(TRIM(B59))&"|"&UPPER(TRIM(C59))&"|"&UPPER(TRIM(D59))
A60: OZWEAR UGG | B60: KIDS CLASSIC UGG LONG BOOTS (WATER RESISTANT) (OB007 II) | C60: PALE MAUVE | D60: 13/1 | E60: 49.61 | F60: 92 | G60: 9341517190077 | H60: 2 | Z60: =UPPER(TRIM(B60))&"|"&UPPER(TRIM(C60))&"|"&UPPER(TRIM(D60))
A61: OZWEAR UGG | B61: KIDS CLASSIC UGG LONG BOOTS (WATER RESISTANT) (OB007 II) | C61: PALE MAUVE | D61: 2/3 | E61: 49.61 | F61: 78 | G61: 9341517190084 | H61: 2 | Z61: =UPPER(TRIM(B61))&"|"&UPPER(TRIM(C61))&"|"&UPPER(TRIM(D61))
A62: OZWEAR UGG | B62: KIDS CLASSIC UGG LONG BOOTS (WATER RESISTANT) (OB007 II) | C62: ZEN BLUE | D62: 5/6 | E62: 49.61 | F62: 0 | G62: 9341517190152 | H62: 2 | Z62: =UPPER(TRIM(B62))&"|"&UPPER(TRIM(C62))&"|"&UPPER(TRIM(D62))
A63: OZWEAR UGG | B63: KIDS CLASSIC UGG LONG BOOTS (WATER RESISTANT) (OB007 II) | C63: ZEN BLUE | D63: 7/8 | E63: 49.61 | F63: 0 | G63: 9341517190169 | H63: 2 | Z63: =UPPER(TRIM(B63))&"|"&UPPER(TRIM(C63))&"|"&UPPER(TRIM(D63))
A64: OZWEAR UGG | B64: KIDS CLASSIC UGG LONG BOOTS (WATER RESISTANT) (OB007 II) | C64: ZEN BLUE | D64: 9/10 | E64: 49.61 | F64: 0 | G64: 9341517190176 | H64: 2 | Z64: =UPPER(TRIM(B64))&"|"&UPPER(TRIM(C64))&"|"&UPPER(TRIM(D64))
A65: OZWEAR UGG | B65: KIDS CLASSIC UGG LONG BOOTS (WATER RESISTANT) (OB007 II) | C65: ZEN BLUE | D65: 11/12 | E65: 49.61 | F65: 0 | G65: 9341517190121 | H65: 2 | Z65: =UPPER(TRIM(B65))&"|"&UPPER(TRIM(C65))&"|"&UPPER(TRIM(D65))
A66: OZWEAR UGG | B66: KIDS CLASSIC UGG LONG BOOTS (WATER RESISTANT) (OB007 II) | C66: ZEN BLUE | D66: 13/1 | E66: 49.61 | F66: 0 | G66: 9341517190138 | H66: 2 | Z66: =UPPER(TRIM(B66))&"|"&UPPER(TRIM(C66))&"|"&UPPER(TRIM(D66))
A67: OZWEAR UGG | B67: KIDS CLASSIC UGG LONG BOOTS (WATER RESISTANT) (OB007 II) | C67: ZEN BLUE | D67: 2/3 | E67: 49.61 | F67: 0 | G67: 9341517190145 | H67: 2 | Z67: =UPPER(TRIM(B67))&"|"&UPPER(TRIM(C67))&"|"&UPPER(TRIM(D67))
A68: OZWEAR UGG | B68: KIDS CLASSIC UGG LONG BOOTS (WATER RESISTANT) (OB007 II) | C68: BRONZE | D68: 5/6 | E68: 49.61 | F68: 0 | G68: 9341517254236 | H68: 2 | Z68: =UPPER(TRIM(B68))&"|"&UPPER(TRIM(C68))&"|"&UPPER(TRIM(D68))
A69: OZWEAR UGG | B69: KIDS CLASSIC UGG LONG BOOTS (WATER RESISTANT) (OB007 II) | C69: BRONZE | D69: 7/8 | E69: 49.61 | F69: 10 | G69: 9341517254243 | H69: 2 | Z69: =UPPER(TRIM(B69))&"|"&UPPER(TRIM(C69))&"|"&UPPER(TRIM(D69))
A70: OZWEAR UGG | B70: KIDS CLASSIC UGG LONG BOOTS (WATER RESISTANT) (OB007 II) | C70: BRONZE | D70: 9/10 | E70: 49.61 | F70: 52 | G70: 9341517254250 | H70: 2 | Z70: =UPPER(TRIM(B70))&"|"&UPPER(TRIM(C70))&"|"&UPPER(TRIM(D70))
... A121: OZWEAR UGG | B121: KIDS CLASSIC UGG MINI BOOTS (WATER RESISTANT) (OB092 II) | C121: SAND | D121: 2/3 | E121: 44.77 | F121: 28 | G121: 9341517298773 | H121: 1 | Z121: =UPPER(TRIM(B121))&"|"&UPPER(TRIM(C121))&"|"&UPPER(TRIM(D121))
A122: OZWEAR UGG | B122: OZWEAR 100% Australian Wool Print Scarf 1840 x 700mm | C122: BLACK FLORAL | E122: 38.07 | F122: 0 | G122: OZWW005 | H122: 1 | Z122: =UPPER(TRIM(B122))&"|"&UPPER(TRIM(C122))&"|"&UPPER(TRIM(D122))
A123: OZWEAR UGG | B123: OZWEAR 100% Australian Wool Print Scarf 1840 x 700mm | C123: WHITE/BLUE/ORANGE | E123: 34.61 | F123: 0 | G123: OZWW015 | H123: 1 | Z123: =UPPER(TRIM(B123))&"|"&UPPER(TRIM(C123))&"|"&UPPER(TRIM(D123))
A124: OZWEAR UGG | B124: OZWEAR 100% Australian Wool Print Scarf 1840 x 700mm | C124: PURPLE MAPLE LEAVES FLORAL | E124: 34.61 | F124: 0 | G124: OZWW006 | H124: 1 | Z124: =UPPER(TRIM(B124))&"|"&UPPER(TRIM(C124))&"|"&UPPER(TRIM(D124))
A125: OZWEAR UGG | B125: OZWEAR 100% Australian Wool Print Scarf 1840 x 700mm | C125: ORANGE FLORAL | E125: 34.61 | F125: 0 | G125: OZWW016 | H125: 1 | Z125: =UPPER(TRIM(B125))&"|"&UPPER(TRIM(C125))&"|"&UPPER(TRIM(D125))
A126: OZWEAR UGG | B126: OZWEAR 100% Australian Wool Print Scarf 1840 x 700mm | C126: DUSTY BLUE/ORANGE FLORAL | E126: 34.61 | F126: 0 | G126: OZWW017 | H126: 1 | Z126: =UPPER(TRIM(B126))&"|"&UPPER(TRIM(C126))&"|"&UPPER(TRIM(D126))
A127: OZWEAR UGG | B127: OZWEAR UGG 100% Australian Wool Print Scarf 1840 x 700mm | C127: RED/LEOPARD | E127: 34.61 | F127: 0 | G127: WS119 | H127: 1 | Z127: =UPPER(TRIM(B127))&"|"&UPPER(TRIM(C127))&"|"&UPPER(TRIM(D127))
A128: OZWEAR UGG | B128: OZWEAR UGG 100% Australian Wool Print Scarf 1840 x 700mm | C128: SAFFRON LEAVES FLORAL | E128: 34.61 | F128: 0 | G128: WS125 | H128: 1 | Z128: =UPPER(TRIM(B128))&"|"&UPPER(TRIM(C128))&"|"&UPPER(TRIM(D128))
A129: OZWEAR UGG | B129: OZWEAR UGG 100% Australian Wool Print Scarf 1840 x 700mm | C129: SKY BLUE FLORA | E129: 34.61 | F129: 0 | G129: WS120 | H129: 1 | Z129: =UPPER(TRIM(B129))&"|"&UPPER(TRIM(C129))&"|"&UPPER(TRIM(D129))
A130: OZWEAR UGG | B130: OZWEAR UGG 100% Australian Wool Print Scarf 1840 x 700mm | C130: ROSY ROSE FLOWER | E130: 34.61 | F130: 0 | G130: WS126 | H130: 1 | Z130: =UPPER(TRIM(B130))&"|"&UPPER(TRIM(C130))&"|"&UPPER(TRIM(D130))
A131: OZWEAR UGG | B131: OZWEAR UGG 100% Australian Wool Print Scarf 1840 x 700mm | C131: GOLDEN BROWN LEAF | E131: 34.61 | F131: 0 | G131: WS121 | H131: 1 | Z131: =UPPER(TRIM(B131))&"|"&UPPER(TRIM(C131))&"|"&UPPER(TRIM(D131))
A132: OZWEAR UGG | B132: OZWEAR UGG 100% Australian Wool Print Scarf 1840 x 700mm | C132: WHITE/BLUE/ORANGE | E132: 34.61 | F132: 0 | G132: WS127 | H132: 1 | Z132: =UPPER(TRIM(B132))&"|"&UPPER(TRIM(C132))&"|"&UPPER(TRIM(D132))
A133: OZWEAR UGG | B133: OZWEAR UGG 100% Australian Wool Print Scarf 1840 x 700mm | C133: ORANGE/GREY | E133: 34.61 | F133: 0 | G133: WS122 | H133: 1 | Z133: =UPPER(TRIM(B133))&"|"&UPPER(TRIM(C133))&"|"&UPPER(TRIM(D133))
... A175: OZWEAR UGG | B175: OZWEAR UGG Cashmere Wool Scarf 1700 x 300mm | C175: WATERMELON | E175: 29.28 | F175: 0 | G175: CW015 | H175: 1 | Z175: =UPPER(TRIM(B175))&"|"&UPPER(TRIM(C175))&"|"&UPPER(TRIM(D175))
A176: OZWEAR UGG | B176: UGG 2-IN-1 DETACHABLE TONGUE SHEARLING MULE (OB1146) | C176: CHESTNUT | D176: 9L | E176: 49.5 | F176: 0 | G176: 9341517428828 | H176: 2 | Z176: =UPPER(TRIM(B176))&"|"&UPPER(TRIM(C176))&"|"&UPPER(TRIM(D176))
A177: OZWEAR UGG | B177: UGG 2-IN-1 DETACHABLE TONGUE SHEARLING MULE (OB1146) | C177: CHESTNUT | D177: 10L | E177: 49.5 | F177: 0 | G177: 9341517428835 | H177: 2 | Z177: =UPPER(TRIM(B177))&"|"&UPPER(TRIM(C177))&"|"&UPPER(TRIM(D177))
A178: OZWEAR UGG | B178: UGG 2-IN-1 DETACHABLE TONGUE SHEARLING MULE (OB1146) | C178: CHESTNUT | D178: 11L | E178: 49.5 | F178: 0 | G178: 9341517428842 | H178: 2 | Z178: =UPPER(TRIM(B178))&"|"&UPPER(TRIM(C178))&"|"&UPPER(TRIM(D178))
A179: OZWEAR UGG | B179: UGG 2-IN-1 DETACHABLE TONGUE SHEARLING MULE (OB1146) | C179: CHESTNUT | D179: 5L | E179: 49.5 | F179: 0 | G179: 9341517428781 | H179: 2 | Z179: =UPPER(TRIM(B179))&"|"&UPPER(TRIM(C179))&"|"&UPPER(TRIM(D179))
A180: OZWEAR UGG | B180: UGG 2-IN-1 DETACHABLE TONGUE SHEARLING MULE (OB1146) | C180: CHESTNUT | D180: 6L | E180: 49.5 | F180: 0 | G180: 9341517428798 | H180: 2 | Z180: =UPPER(TRIM(B180))&"|"&UPPER(TRIM(C180))&"|"&UPPER(TRIM(D180))
A181: OZWEAR UGG | B181: UGG 2-IN-1 DETACHABLE TONGUE SHEARLING MULE (OB1146) | C181: CHESTNUT | D181: 7L | E181: 49.5 | F181: 0 | G181: 9341517428804 | H181: 2 | Z181: =UPPER(TRIM(B181))&"|"&UPPER(TRIM(C181))&"|"&UPPER(TRIM(D181))
A182: OZWEAR UGG | B182: UGG 2-IN-1 DETACHABLE TONGUE SHEARLING MULE (OB1146) | C182: CHESTNUT | D182: 8L | E182: 49.5 | F182: 0 | G182: 9341517428811 | H182: 2 | Z182: =UPPER(TRIM(B182))&"|"&UPPER(TRIM(C182))&"|"&UPPER(TRIM(D182))
A183: OZWEAR UGG | B183: UGG 2-IN-1 DETACHABLE TONGUE SHEARLING MULE (OB1146) | C183: SAND | D183: 9L | E183: 49.5 | F183: 0 | G183: 9341517428897 | H183: 2 | Z183: =UPPER(TRIM(B183))&"|"&UPPER(TRIM(C183))&"|"&UPPER(TRIM(D183))
A184: OZWEAR UGG | B184: UGG 2-IN-1 DETACHABLE TONGUE SHEARLING MULE (OB1146) | C184: SAND | D184: 10L | E184: 49.5 | F184: 0 | G184: 9341517428903 | H184: 2 | Z184: =UPPER(TRIM(B184))&"|"&UPPER(TRIM(C184))&"|"&UPPER(TRIM(D184))
A185: OZWEAR UGG | B185: UGG 2-IN-1 DETACHABLE TONGUE SHEARLING MULE (OB1146) | C185: SAND | D185: 11L | E185: 49.5 | F185: 0 | G185: 9341517428910 | H185: 2 | Z185: =UPPER(TRIM(B185))&"|"&UPPER(TRIM(C185))&"|"&UPPER(TRIM(D185))
A186: OZWEAR UGG | B186: UGG 2-IN-1 DETACHABLE TONGUE SHEARLING MULE (OB1146) | C186: SAND | D186: 5L | E186: 49.5 | F186: 0 | G186: 9341517428859 | H186: 2 | Z186: =UPPER(TRIM(B186))&"|"&UPPER(TRIM(C186))&"|"&UPPER(TRIM(D186))
A187: OZWEAR UGG | B187: UGG 2-IN-1 DETACHABLE TONGUE SHEARLING MULE (OB1146) | C187: SAND | D187: 6L | E187: 49.5 | F187: 0 | G187: 9341517428866 | H187: 2 | Z187: =UPPER(TRIM(B187))&"|"&UPPER(TRIM(C187))&"|"&UPPER(TRIM(D187))
... A207: OZWEAR UGG | B207: UGG ACACIA SHEARLING LOGO SLIPPER (OB974) | C207: CREAM | D207: 8L | E207: 42.9 | F207: 0 | G207: 9341517382229 | H207: 2 | Z207: =UPPER(TRIM(B207))&"|"&UPPER(TRIM(C207))&"|"&UPPER(TRIM(D207))
A208: OZWEAR UGG | B208: UGG AIRPOD BAG PENDANT (OZB014) | C208: CHESTNUT | E208: 18.7 | F208: 0 | G208: 9341517363778 | H208: 1 | Z208: =UPPER(TRIM(B208))&"|"&UPPER(TRIM(C208))&"|"&UPPER(TRIM(D208))
A209: OZWEAR UGG | B209: UGG AIRPOD BAG PENDANT (OZB014) | C209: TAUPE | E209: 18.7 | F209: 219 | G209: 9341517363785 | H209: 1 | Z209: =UPPER(TRIM(B209))&"|"&UPPER(TRIM(C209))&"|"&UPPER(TRIM(D209))
A210: OZWEAR UGG | B210: UGG ALICE SPRINGS PLATFORM BOOT (OB924P) | C210: CHESTNUT | D210: 9L | E210: 59.4 | F210: 58 | G210: 9341517374309 | H210: 2 | Z210: =UPPER(TRIM(B210))&"|"&UPPER(TRIM(C210))&"|"&UPPER(TRIM(D210))
...
